schema_version,state,passed,job_id,mode,sample,seed,m,n,k,descriptor,utc_started,utc_finished,input_a_sha256_bytes,raw_b_sha256_bytes,oracle_sha256_bytes,c_before_sha256_bytes,input_residency,snapshot_sha256_bytes,stage,c_initialize_seconds,configure_seconds,job_wall_seconds,job_cycles,compute_cycles,read_beats,write_beats,write_valid_bytes,input_wait_cycles,read_stall_cycles,write_stall_cycles,p,t,build_id,core_hz,compared_elements,allocation_bytes_checked,guard_input_bytes_checked,allocation_download_seconds,validation_seconds,resident_host_seconds,core_seconds,useful_gops,useful_utilization
1,PASS,True,1,0,0,20370707,256,256,256,"{'m': 256, 'n': 256, 'k': 256, 'a_base': 64, 'bt_base': 65728, 'c_base': 131392, 'a_stride': 256, 'bt_stride': 256, 'c_stride': 1024, 'mode': 0, 'watchdog': 10000000}",2026-10-04T15:31:56.220119+00:00,2026-10-04T15:32:43.252965+00:00,6a6beee39bca7ac0ded729a3b070a9de172476b84ce20dc678917e36a4e88508,062e70957fce9bf359d160b77c86e18182822fc1c3af5d9987e7c722951098fc,de93be26a0cac19df4c04a1fb5b001ec58ec88658deb024eebab397896e81efa,5decd5e89e1dd24ddfdefa542bf76fd6824d45d1c3267f140a838609899018b3,Uploaded in this connection; reused only within this case,"{'a': '1a42ada0867177818eca2ba934314f18f62b98f2d94f62dafcc4371679d32621', 'bt': '89967052fbe6e40c69ed4722af2814fa53d84011a85336f7e4035edc73f45374', 'c': '3729439e17b36069af4a518aecdc8fa8074743ea9b06541372900c0f4d8fa403'}",PASS,18.47212190000573,0.1919676000252366,0.5439508999697864,740963,285696,131072,32768,262144,222334,0,4224,8,32,2638998349,100000000,65536,393600,131456,27.791252900031395,0.031776499992702156,46.99929330003215,0.00740963,4.5284895467115085,0.35378824583683666
1,PASS,True,2,1,0,20370707,256,256,256,"{'m': 256, 'n': 256, 'k': 256, 'a_base': 64, 'bt_base': 65728, 'c_base': 131392, 'a_stride': 256, 'bt_stride': 256, 'c_stride': 1024, 'mode': 1, 'watchdog': 10000000}",2026-10-04T15:32:43.285496+00:00,2026-10-04T15:33:30.323219+00:00,6a6beee39bca7ac0ded729a3b070a9de172476b84ce20dc678917e36a4e88508,062e70957fce9bf359d160b77c86e18182822fc1c3af5d9987e7c722951098fc,de93be26a0cac19df4c04a1fb5b001ec58ec88658deb024eebab397896e81efa,5decd5e89e1dd24ddfdefa542bf76fd6824d45d1c3267f140a838609899018b3,Uploaded in this connection; reused only within this case,"{'a': '1a42ada0867177818eca2ba934314f18f62b98f2d94f62dafcc4371679d32621', 'bt': '89967052fbe6e40c69ed4722af2814fa53d84011a85336f7e4035edc73f45374', 'c': '3729439e17b36069af4a518aecdc8fa8074743ea9b06541372900c0f4d8fa403'}",PASS,18.476216300041415,0.1920216999715194,0.5440329000120983,296995,285696,131072,32768,262144,3469,0,4224,8,32,2638998349,100000000,65536,393600,131456,27.791130299970973,0.03182530001504347,47.003401199996006,0.00296995,11.297978753851075,0.8826545901446152
1,PASS,True,3,1,1,20370707,256,256,256,"{'m': 256, 'n': 256, 'k': 256, 'a_base': 64, 'bt_base': 65728, 'c_base': 131392, 'a_stride': 256, 'bt_stride': 256, 'c_stride': 1024, 'mode': 1, 'watchdog': 10000000}",2026-10-04T15:33:30.356880+00:00,2026-10-04T15:34:17.361436+00:00,6a6beee39bca7ac0ded729a3b070a9de172476b84ce20dc678917e36a4e88508,062e70957fce9bf359d160b77c86e18182822fc1c3af5d9987e7c722951098fc,de93be26a0cac19df4c04a1fb5b001ec58ec88658deb024eebab397896e81efa,4aa5c19d205863247431555400b7eb3e031a9e1326e7cd8a6f27d23739447319,Uploaded in this connection; reused only within this case,"{'a': '1a42ada0867177818eca2ba934314f18f62b98f2d94f62dafcc4371679d32621', 'bt': '89967052fbe6e40c69ed4722af2814fa53d84011a85336f7e4035edc73f45374', 'c': '621db3fc7d776473040d7f0080c06bdc43b1b764b165f95b24f16a533449aa14'}",PASS,18.443920199992135,0.19202100002439693,0.5439403999480419,297014,285696,131072,32768,262144,3480,0,4224,8,32,2638998349,100000000,65536,393600,131456,27.79103960003704,0.031939900014549494,46.97092120000161,0.00297014,11.297256021601674,0.8825981266876309
1,PASS,True,4,0,1,20370707,256,256,256,"{'m': 256, 'n': 256, 'k': 256, 'a_base': 64, 'bt_base': 65728, 'c_base': 131392, 'a_stride': 256, 'bt_stride': 256, 'c_stride': 1024, 'mode': 0, 'watchdog': 10000000}",2026-10-04T15:34:17.394630+00:00,2026-10-04T15:35:04.415900+00:00,6a6beee39bca7ac0ded729a3b070a9de172476b84ce20dc678917e36a4e88508,062e70957fce9bf359d160b77c86e18182822fc1c3af5d9987e7c722951098fc,de93be26a0cac19df4c04a1fb5b001ec58ec88658deb024eebab397896e81efa,4aa5c19d205863247431555400b7eb3e031a9e1326e7cd8a6f27d23739447319,Uploaded in this connection; reused only within this case,"{'a': '1a42ada0867177818eca2ba934314f18f62b98f2d94f62dafcc4371679d32621', 'bt': '89967052fbe6e40c69ed4722af2814fa53d84011a85336f7e4035edc73f45374', 'c': '621db3fc7d776473040d7f0080c06bdc43b1b764b165f95b24f16a533449aa14'}",PASS,18.46047659998294,0.19198810000671074,0.5439016000018455,741158,285696,131072,32768,262144,222412,0,4224,8,32,2638998349,100000000,65536,393600,131456,27.791219600010663,0.03198339999653399,46.98758590000216,0.00741158,4.527298092984222,0.35369516351439234
1,PASS,True,5,0,2,20370707,256,256,256,"{'m': 256, 'n': 256, 'k': 256, 'a_base': 64, 'bt_base': 65728, 'c_base': 131392, 'a_stride': 256, 'bt_stride': 256, 'c_stride': 1024, 'mode': 0, 'watchdog': 10000000}",2026-10-04T15:35:04.448453+00:00,2026-10-04T15:35:51.454157+00:00,6a6beee39bca7ac0ded729a3b070a9de172476b84ce20dc678917e36a4e88508,062e70957fce9bf359d160b77c86e18182822fc1c3af5d9987e7c722951098fc,de93be26a0cac19df4c04a1fb5b001ec58ec88658deb024eebab397896e81efa,10d160ce5cab095db436ed83eac27fc242c7f297ca469cdda08989d16906ae3b,Uploaded in this connection; reused only within this case,"{'a': '1a42ada0867177818eca2ba934314f18f62b98f2d94f62dafcc4371679d32621', 'bt': '89967052fbe6e40c69ed4722af2814fa53d84011a85336f7e4035edc73f45374', 'c': '4dba4eb13419566e03743649840df0656838366fe1526175525b11a952a64e9d'}",PASS,18.476400599989574,0.1921038000145927,0.5440203999751247,741307,285696,131072,32768,262144,222450,0,4224,8,32,2638998349,100000000,65536,393600,131456,27.75924159999704,0.031776799994986504,46.97176639997633,0.00741307,4.526388122599679,0.35362407207809987
1,PASS,True,6,1,2,20370707,256,256,256,"{'m': 256, 'n': 256, 'k': 256, 'a_base': 64, 'bt_base': 65728, 'c_base': 131392, 'a_stride': 256, 'bt_stride': 256, 'c_stride': 1024, 'mode': 1, 'watchdog': 10000000}",2026-10-04T15:35:51.496145+00:00,2026-10-04T15:36:38.460366+00:00,6a6beee39bca7ac0ded729a3b070a9de172476b84ce20dc678917e36a4e88508,062e70957fce9bf359d160b77c86e18182822fc1c3af5d9987e7c722951098fc,de93be26a0cac19df4c04a1fb5b001ec58ec88658deb024eebab397896e81efa,10d160ce5cab095db436ed83eac27fc242c7f297ca469cdda08989d16906ae3b,Uploaded in this connection; reused only within this case,"{'a': '1a42ada0867177818eca2ba934314f18f62b98f2d94f62dafcc4371679d32621', 'bt': '89967052fbe6e40c69ed4722af2814fa53d84011a85336f7e4035edc73f45374', 'c': '4dba4eb13419566e03743649840df0656838366fe1526175525b11a952a64e9d'}",PASS,18.435675200016703,0.19196520000696182,0.5440190000226721,296958,285696,131072,32768,262144,3451,0,4224,8,32,2638998349,100000000,65536,393600,131456,27.75914629996987,0.03185790003044531,46.93080570001621,0.00296958,11.299386445221211,0.882764566032907
1,PASS,True,7,1,3,20370707,256,256,256,"{'m': 256, 'n': 256, 'k': 256, 'a_base': 64, 'bt_base': 65728, 'c_base': 131392, 'a_stride': 256, 'bt_stride': 256, 'c_stride': 1024, 'mode': 1, 'watchdog': 10000000}",2026-10-04T15:36:38.507625+00:00,2026-10-04T15:37:25.482496+00:00,6a6beee39bca7ac0ded729a3b070a9de172476b84ce20dc678917e36a4e88508,062e70957fce9bf359d160b77c86e18182822fc1c3af5d9987e7c722951098fc,de93be26a0cac19df4c04a1fb5b001ec58ec88658deb024eebab397896e81efa,1e6804f368216c2f110b7277421329cc7ab82721eeaba102b24e5a07925b3407,Uploaded in this connection; reused only within this case,"{'a': '1a42ada0867177818eca2ba934314f18f62b98f2d94f62dafcc4371679d32621', 'bt': '89967052fbe6e40c69ed4722af2814fa53d84011a85336f7e4035edc73f45374', 'c': '5729886ff97a7bfa469ed402f87ef9981cac939603b83a02260376874a0c8220'}",PASS,18.445471399987582,0.19213100004708394,0.5438135999720544,297007,285696,131072,32768,262144,3471,0,4224,8,32,2638998349,100000000,65536,393600,131456,27.759078399976715,0.03185280004981905,46.940494399983436,0.00297007,11.297522280619647,0.88261892817341
1,PASS,True,8,0,3,20370707,256,256,256,"{'m': 256, 'n': 256, 'k': 256, 'a_base': 64, 'bt_base': 65728, 'c_base': 131392, 'a_stride': 256, 'bt_stride': 256, 'c_stride': 1024, 'mode': 0, 'watchdog': 10000000}",2026-10-04T15:37:25.516564+00:00,2026-10-04T15:38:12.552776+00:00,6a6beee39bca7ac0ded729a3b070a9de172476b84ce20dc678917e36a4e88508,062e70957fce9bf359d160b77c86e18182822fc1c3af5d9987e7c722951098fc,de93be26a0cac19df4c04a1fb5b001ec58ec88658deb024eebab397896e81efa,1e6804f368216c2f110b7277421329cc7ab82721eeaba102b24e5a07925b3407,Uploaded in this connection; reused only within this case,"{'a': '1a42ada0867177818eca2ba934314f18f62b98f2d94f62dafcc4371679d32621', 'bt': '89967052fbe6e40c69ed4722af2814fa53d84011a85336f7e4035edc73f45374', 'c': '5729886ff97a7bfa469ed402f87ef9981cac939603b83a02260376874a0c8220'}",PASS,18.474676200014073,0.1920049999607727,0.5440425000269897,740913,285696,131072,32768,262144,222312,0,4224,8,32,2638998349,100000000,65536,393600,131456,27.790967100008857,0.0318826999864541,47.00169080001069,0.00740913,4.528795148688173,0.35381212099126347
1,PASS,True,9,0,4,20370707,256,256,256,"{'m': 256, 'n': 256, 'k': 256, 'a_base': 64, 'bt_base': 65728, 'c_base': 131392, 'a_stride': 256, 'bt_stride': 256, 'c_stride': 1024, 'mode': 0, 'watchdog': 10000000}",2026-10-04T15:38:12.586665+00:00,2026-10-04T15:38:59.607168+00:00,6a6beee39bca7ac0ded729a3b070a9de172476b84ce20dc678917e36a4e88508,062e70957fce9bf359d160b77c86e18182822fc1c3af5d9987e7c722951098fc,de93be26a0cac19df4c04a1fb5b001ec58ec88658deb024eebab397896e81efa,e6a9fc162a260fa2653a195ce06f98fb95ca4486ea988206bbe3146627c6e963,Uploaded in this connection; reused only within this case,"{'a': '1a42ada0867177818eca2ba934314f18f62b98f2d94f62dafcc4371679d32621', 'bt': '89967052fbe6e40c69ed4722af2814fa53d84011a85336f7e4035edc73f45374', 'c': '3e5c7e419640db78baf227956ce0def467b33ec91c37b70e6f0407fbe85bf6a3'}",PASS,18.460497200023383,0.19164209999144077,0.5437352999579161,741310,285696,131072,32768,262144,222453,0,4224,8,32,2638998349,100000000,65536,393600,131456,27.79117270000279,0.031827100028749555,46.98704729997553,0.0074131,4.526369804805007,0.3536226410003912
1,PASS,True,10,1,4,20370707,256,256,256,"{'m': 256, 'n': 256, 'k': 256, 'a_base': 64, 'bt_base': 65728, 'c_base': 131392, 'a_stride': 256, 'bt_stride': 256, 'c_stride': 1024, 'mode': 1, 'watchdog': 10000000}",2026-10-04T15:38:59.651275+00:00,2026-10-04T15:39:46.629310+00:00,6a6beee39bca7ac0ded729a3b070a9de172476b84ce20dc678917e36a4e88508,062e70957fce9bf359d160b77c86e18182822fc1c3af5d9987e7c722951098fc,de93be26a0cac19df4c04a1fb5b001ec58ec88658deb024eebab397896e81efa,e6a9fc162a260fa2653a195ce06f98fb95ca4486ea988206bbe3146627c6e963,Uploaded in this connection; reused only within this case,"{'a': '1a42ada0867177818eca2ba934314f18f62b98f2d94f62dafcc4371679d32621', 'bt': '89967052fbe6e40c69ed4722af2814fa53d84011a85336f7e4035edc73f45374', 'c': '3e5c7e419640db78baf227956ce0def467b33ec91c37b70e6f0407fbe85bf6a3'}",PASS,18.43280650000088,0.19202089996542782,0.5439433000283316,297023,285696,131072,32768,262144,3466,0,4224,8,32,2638998349,100000000,65536,393600,131456,27.775261699978728,0.03174160001799464,46.944032399973366,0.00297023,11.296913707019321,0.8825713833608845
1,PASS,True,11,1,5,20370707,256,256,256,"{'m': 256, 'n': 256, 'k': 256, 'a_base': 64, 'bt_base': 65728, 'c_base': 131392, 'a_stride': 256, 'bt_stride': 256, 'c_stride': 1024, 'mode': 1, 'watchdog': 10000000}",2026-10-04T15:39:46.679764+00:00,2026-10-04T15:40:33.683596+00:00,6a6beee39bca7ac0ded729a3b070a9de172476b84ce20dc678917e36a4e88508,062e70957fce9bf359d160b77c86e18182822fc1c3af5d9987e7c722951098fc,de93be26a0cac19df4c04a1fb5b001ec58ec88658deb024eebab397896e81efa,abdb1e07681bf373b4aa020ce1645525afba4817495a35793bce5ad9a242225f,Uploaded in this connection; reused only within this case,"{'a': '1a42ada0867177818eca2ba934314f18f62b98f2d94f62dafcc4371679d32621', 'bt': '89967052fbe6e40c69ed4722af2814fa53d84011a85336f7e4035edc73f45374', 'c': '2ba5205b4d239ecd4d24f1d6c88f081b0e66e1958ba66110019fd1be4bf8f179'}",PASS,18.457646000024397,0.19208329997491091,0.5439608999877237,297022,285696,131072,32768,262144,3465,0,4224,8,32,2638998349,100000000,65536,393600,131456,27.775153700029477,0.031839100003708154,46.96884390001651,0.00297022,11.296951740948483,0.8825743547616002
1,PASS,True,12,0,5,20370707,256,256,256,"{'m': 256, 'n': 256, 'k': 256, 'a_base': 64, 'bt_base': 65728, 'c_base': 131392, 'a_stride': 256, 'bt_stride': 256, 'c_stride': 1024, 'mode': 0, 'watchdog': 10000000}",2026-10-04T15:40:33.718011+00:00,2026-10-04T15:41:20.721845+00:00,6a6beee39bca7ac0ded729a3b070a9de172476b84ce20dc678917e36a4e88508,062e70957fce9bf359d160b77c86e18182822fc1c3af5d9987e7c722951098fc,de93be26a0cac19df4c04a1fb5b001ec58ec88658deb024eebab397896e81efa,abdb1e07681bf373b4aa020ce1645525afba4817495a35793bce5ad9a242225f,Uploaded in this connection; reused only within this case,"{'a': '1a42ada0867177818eca2ba934314f18f62b98f2d94f62dafcc4371679d32621', 'bt': '89967052fbe6e40c69ed4722af2814fa53d84011a85336f7e4035edc73f45374', 'c': '2ba5205b4d239ecd4d24f1d6c88f081b0e66e1958ba66110019fd1be4bf8f179'}",PASS,18.458665299986023,0.19207019999157637,0.5438663000240922,741306,285696,131072,32768,262144,222489,0,4224,8,32,2638998349,100000000,65536,393600,131456,27.775143300008494,0.03190299996640533,46.969745100010186,0.00741306,4.5263942285641825,0.35362454910657676
1,PASS,True,13,0,6,20370707,256,256,256,"{'m': 256, 'n': 256, 'k': 256, 'a_base': 64, 'bt_base': 65728, 'c_base': 131392, 'a_stride': 256, 'bt_stride': 256, 'c_stride': 1024, 'mode': 0, 'watchdog': 10000000}",2026-10-04T15:41:20.762489+00:00,2026-10-04T15:42:07.760050+00:00,6a6beee39bca7ac0ded729a3b070a9de172476b84ce20dc678917e36a4e88508,062e70957fce9bf359d160b77c86e18182822fc1c3af5d9987e7c722951098fc,de93be26a0cac19df4c04a1fb5b001ec58ec88658deb024eebab397896e81efa,69471c350394d1d2254bce8f4da3c891e29667417feed16ee346f67556ab917f,Uploaded in this connection; reused only within this case,"{'a': '1a42ada0867177818eca2ba934314f18f62b98f2d94f62dafcc4371679d32621', 'bt': '89967052fbe6e40c69ed4722af2814fa53d84011a85336f7e4035edc73f45374', 'c': '31bc3751115f36bb10438fd6292f97ecf50e7c8b5607855c6db274dd84424dee'}",PASS,18.46822360000806,0.1919628999894485,0.5439530999865383,741077,285696,131072,32768,262144,222400,0,4224,8,32,2638998349,100000000,65536,393600,131456,27.759186999988742,0.031766300031449646,46.96332659997279,0.00741077,4.527792928400153,0.35373382253126195
1,PASS,True,14,1,6,20370707,256,256,256,"{'m': 256, 'n': 256, 'k': 256, 'a_base': 64, 'bt_base': 65728, 'c_base': 131392, 'a_stride': 256, 'bt_stride': 256, 'c_stride': 1024, 'mode': 1, 'watchdog': 10000000}",2026-10-04T15:42:07.797693+00:00,2026-10-04T15:42:54.782405+00:00,6a6beee39bca7ac0ded729a3b070a9de172476b84ce20dc678917e36a4e88508,062e70957fce9bf359d160b77c86e18182822fc1c3af5d9987e7c722951098fc,de93be26a0cac19df4c04a1fb5b001ec58ec88658deb024eebab397896e81efa,69471c350394d1d2254bce8f4da3c891e29667417feed16ee346f67556ab917f,Uploaded in this connection; reused only within this case,"{'a': '1a42ada0867177818eca2ba934314f18f62b98f2d94f62dafcc4371679d32621', 'bt': '89967052fbe6e40c69ed4722af2814fa53d84011a85336f7e4035edc73f45374', 'c': '31bc3751115f36bb10438fd6292f97ecf50e7c8b5607855c6db274dd84424dee'}",PASS,18.43968250002945,0.19202959997346625,0.5438987000379711,297054,285696,131072,32768,262144,3487,0,4224,8,32,2638998349,100000000,65536,393600,131456,27.775092399970163,0.03196410002419725,46.95070320001105,0.00297054,11.295734782228147,0.882479279861574
1,PASS,True,15,1,7,20370707,256,256,256,"{'m': 256, 'n': 256, 'k': 256, 'a_base': 64, 'bt_base': 65728, 'c_base': 131392, 'a_stride': 256, 'bt_stride': 256, 'c_stride': 1024, 'mode': 1, 'watchdog': 10000000}",2026-10-04T15:42:54.814715+00:00,2026-10-04T15:43:41.836766+00:00,6a6beee39bca7ac0ded729a3b070a9de172476b84ce20dc678917e36a4e88508,062e70957fce9bf359d160b77c86e18182822fc1c3af5d9987e7c722951098fc,de93be26a0cac19df4c04a1fb5b001ec58ec88658deb024eebab397896e81efa,b6546b3b43345524b5e93554fa7e6965cd03dcb856a26a1f1f778dcf89e32a09,Uploaded in this connection; reused only within this case,"{'a': '1a42ada0867177818eca2ba934314f18f62b98f2d94f62dafcc4371679d32621', 'bt': '89967052fbe6e40c69ed4722af2814fa53d84011a85336f7e4035edc73f45374', 'c': '4b1d775d7a760fc28b32f419ed4cc697f6e602e2a0f4de46ed0891cd3e9e5015'}",PASS,18.46149359998526,0.19205220002913848,0.5442124999826774,296985,285696,131072,32768,262144,3477,0,4224,8,32,2638998349,100000000,65536,393600,131456,27.790794599975925,0.03201920003630221,46.988552899973,0.00296985,11.29835917638938,0.8826843106554203
1,PASS,True,16,0,7,20370707,256,256,256,"{'m': 256, 'n': 256, 'k': 256, 'a_base': 64, 'bt_base': 65728, 'c_base': 131392, 'a_stride': 256, 'bt_stride': 256, 'c_stride': 1024, 'mode': 0, 'watchdog': 10000000}",2026-10-04T15:43:41.880094+00:00,2026-10-04T15:44:28.908835+00:00,6a6beee39bca7ac0ded729a3b070a9de172476b84ce20dc678917e36a4e88508,062e70957fce9bf359d160b77c86e18182822fc1c3af5d9987e7c722951098fc,de93be26a0cac19df4c04a1fb5b001ec58ec88658deb024eebab397896e81efa,b6546b3b43345524b5e93554fa7e6965cd03dcb856a26a1f1f778dcf89e32a09,Uploaded in this connection; reused only within this case,"{'a': '1a42ada0867177818eca2ba934314f18f62b98f2d94f62dafcc4371679d32621', 'bt': '89967052fbe6e40c69ed4722af2814fa53d84011a85336f7e4035edc73f45374', 'c': '4b1d775d7a760fc28b32f419ed4cc697f6e602e2a0f4de46ed0891cd3e9e5015'}",PASS,18.449905099987518,0.19179080001777038,0.5440124000306241,740921,285696,131072,32768,262144,222264,0,4224,8,32,2638998349,100000000,65536,393600,131456,27.809127299988177,0.03176109999185428,46.99483560002409,0.00740921,4.52874624960016,0.35380830075001246
1,PASS,True,17,0,8,20370707,256,256,256,"{'m': 256, 'n': 256, 'k': 256, 'a_base': 64, 'bt_base': 65728, 'c_base': 131392, 'a_stride': 256, 'bt_stride': 256, 'c_stride': 1024, 'mode': 0, 'watchdog': 10000000}",2026-10-04T15:44:28.961769+00:00,2026-10-04T15:45:16.011304+00:00,6a6beee39bca7ac0ded729a3b070a9de172476b84ce20dc678917e36a4e88508,062e70957fce9bf359d160b77c86e18182822fc1c3af5d9987e7c722951098fc,de93be26a0cac19df4c04a1fb5b001ec58ec88658deb024eebab397896e81efa,cfcb1500055c94c9112701354645353eea79d6dfd15d0949fd30401a3236cdf5,Uploaded in this connection; reused only within this case,"{'a': '1a42ada0867177818eca2ba934314f18f62b98f2d94f62dafcc4371679d32621', 'bt': '89967052fbe6e40c69ed4722af2814fa53d84011a85336f7e4035edc73f45374', 'c': 'c3a3e1957fab78aa063503f4c55e8a5bcaf2ca9dd0a4f28496a668d6dc4893ac'}",PASS,18.488479599996936,0.19194940000306815,0.5441973000415601,740973,285696,131072,32768,262144,222359,0,4224,8,32,2638998349,100000000,65536,393600,131456,27.790928899950814,0.031901300011668354,47.01555519999238,0.00740973,4.528428431265377,0.35378347119260756
1,PASS,True,18,1,8,20370707,256,256,256,"{'m': 256, 'n': 256, 'k': 256, 'a_base': 64, 'bt_base': 65728, 'c_base': 131392, 'a_stride': 256, 'bt_stride': 256, 'c_stride': 1024, 'mode': 1, 'watchdog': 10000000}",2026-10-04T15:45:16.058792+00:00,2026-10-04T15:46:03.033512+00:00,6a6beee39bca7ac0ded729a3b070a9de172476b84ce20dc678917e36a4e88508,062e70957fce9bf359d160b77c86e18182822fc1c3af5d9987e7c722951098fc,de93be26a0cac19df4c04a1fb5b001ec58ec88658deb024eebab397896e81efa,cfcb1500055c94c9112701354645353eea79d6dfd15d0949fd30401a3236cdf5,Uploaded in this connection; reused only within this case,"{'a': '1a42ada0867177818eca2ba934314f18f62b98f2d94f62dafcc4371679d32621', 'bt': '89967052fbe6e40c69ed4722af2814fa53d84011a85336f7e4035edc73f45374', 'c': 'c3a3e1957fab78aa063503f4c55e8a5bcaf2ca9dd0a4f28496a668d6dc4893ac'}",PASS,18.445193800027482,0.19182169996201992,0.5439749000361189,297028,285696,131072,32768,262144,3498,0,4224,8,32,2638998349,100000000,65536,393600,131456,27.75909780000802,0.03201709996210411,46.94008820003364,0.00297028,11.29672354121497,0.8825565266574195
1,PASS,True,19,1,9,20370707,256,256,256,"{'m': 256, 'n': 256, 'k': 256, 'a_base': 64, 'bt_base': 65728, 'c_base': 131392, 'a_stride': 256, 'bt_stride': 256, 'c_stride': 1024, 'mode': 1, 'watchdog': 10000000}",2026-10-04T15:46:03.071669+00:00,2026-10-04T15:46:50.039778+00:00,6a6beee39bca7ac0ded729a3b070a9de172476b84ce20dc678917e36a4e88508,062e70957fce9bf359d160b77c86e18182822fc1c3af5d9987e7c722951098fc,de93be26a0cac19df4c04a1fb5b001ec58ec88658deb024eebab397896e81efa,cd77ec5ead6641a60ebf040334f58dffa8dfe30eff1be7dd89ddc4a6e09580d0,Uploaded in this connection; reused only within this case,"{'a': '1a42ada0867177818eca2ba934314f18f62b98f2d94f62dafcc4371679d32621', 'bt': '89967052fbe6e40c69ed4722af2814fa53d84011a85336f7e4035edc73f45374', 'c': 'dae03dcadeb33889f2cc4a969d9b2149a2f3ff9159274e8a5293016a36a758e1'}",PASS,18.43936900002882,0.19197159999748692,0.543950799969025,296960,285696,131072,32768,262144,3449,0,4224,8,32,2638998349,100000000,65536,393600,131456,27.759214100020472,0.031926299969200045,46.9345055000158,0.0029696,11.299310344827587,0.8827586206896552
1,PASS,True,20,0,9,20370707,256,256,256,"{'m': 256, 'n': 256, 'k': 256, 'a_base': 64, 'bt_base': 65728, 'c_base': 131392, 'a_stride': 256, 'bt_stride': 256, 'c_stride': 1024, 'mode': 0, 'watchdog': 10000000}",2026-10-04T15:46:50.074908+00:00,2026-10-04T15:47:37.062097+00:00,6a6beee39bca7ac0ded729a3b070a9de172476b84ce20dc678917e36a4e88508,062e70957fce9bf359d160b77c86e18182822fc1c3af5d9987e7c722951098fc,de93be26a0cac19df4c04a1fb5b001ec58ec88658deb024eebab397896e81efa,cd77ec5ead6641a60ebf040334f58dffa8dfe30eff1be7dd89ddc4a6e09580d0,Uploaded in this connection; reused only within this case,"{'a': '1a42ada0867177818eca2ba934314f18f62b98f2d94f62dafcc4371679d32621', 'bt': '89967052fbe6e40c69ed4722af2814fa53d84011a85336f7e4035edc73f45374', 'c': 'dae03dcadeb33889f2cc4a969d9b2149a2f3ff9159274e8a5293016a36a758e1'}",PASS,18.44167510000989,0.1918553999857977,0.5439077000482939,740890,285696,131072,32768,262144,222250,0,4224,8,32,2638998349,100000000,65536,393600,131456,27.780791500001214,0.026309799985028803,46.958229700045194,0.0074089,4.528935739448501,0.35382310464441413
1,PASS,True,21,0,10,20370707,256,256,256,"{'m': 256, 'n': 256, 'k': 256, 'a_base': 64, 'bt_base': 65728, 'c_base': 131392, 'a_stride': 256, 'bt_stride': 256, 'c_stride': 1024, 'mode': 0, 'watchdog': 10000000}",2026-10-04T15:47:37.107009+00:00,2026-10-04T15:48:24.180242+00:00,6a6beee39bca7ac0ded729a3b070a9de172476b84ce20dc678917e36a4e88508,062e70957fce9bf359d160b77c86e18182822fc1c3af5d9987e7c722951098fc,de93be26a0cac19df4c04a1fb5b001ec58ec88658deb024eebab397896e81efa,1ce087e9e70df7ba3211497f06f97e8bf51a6b6c0a2b56326966c87b9d89a228,Uploaded in this connection; reused only within this case,"{'a': '1a42ada0867177818eca2ba934314f18f62b98f2d94f62dafcc4371679d32621', 'bt': '89967052fbe6e40c69ed4722af2814fa53d84011a85336f7e4035edc73f45374', 'c': '9ed2a85e816d5347ddbabfdfc49b6d2145aebfc2092cb53612fc1e216970040f'}",PASS,18.447703400044702,0.19184779998613521,0.5440888999728486,741059,285696,131072,32768,262144,222333,0,4224,8,32,2638998349,100000000,65536,393600,131456,27.855069700046442,0.03189270000439137,47.03870980005013,0.00741059,4.527902906516215,0.35374241457157934
1,PASS,True,22,1,10,20370707,256,256,256,"{'m': 256, 'n': 256, 'k': 256, 'a_base': 64, 'bt_base': 65728, 'c_base': 131392, 'a_stride': 256, 'bt_stride': 256, 'c_stride': 1024, 'mode': 1, 'watchdog': 10000000}",2026-10-04T15:48:24.215350+00:00,2026-10-04T15:49:11.458582+00:00,6a6beee39bca7ac0ded729a3b070a9de172476b84ce20dc678917e36a4e88508,062e70957fce9bf359d160b77c86e18182822fc1c3af5d9987e7c722951098fc,de93be26a0cac19df4c04a1fb5b001ec58ec88658deb024eebab397896e81efa,1ce087e9e70df7ba3211497f06f97e8bf51a6b6c0a2b56326966c87b9d89a228,Uploaded in this connection; reused only within this case,"{'a': '1a42ada0867177818eca2ba934314f18f62b98f2d94f62dafcc4371679d32621', 'bt': '89967052fbe6e40c69ed4722af2814fa53d84011a85336f7e4035edc73f45374', 'c': '9ed2a85e816d5347ddbabfdfc49b6d2145aebfc2092cb53612fc1e216970040f'}",PASS,18.71440120000625,0.1918635999900289,0.544045900052879,297008,285696,131072,32768,262144,3471,0,4224,8,32,2638998349,100000000,65536,393600,131456,27.759149299992714,0.03189719998044893,47.20946000004187,0.00297008,11.297484242848677,0.882615956472553
1,PASS,True,23,1,11,20370707,256,256,256,"{'m': 256, 'n': 256, 'k': 256, 'a_base': 64, 'bt_base': 65728, 'c_base': 131392, 'a_stride': 256, 'bt_stride': 256, 'c_stride': 1024, 'mode': 1, 'watchdog': 10000000}",2026-10-04T15:49:11.500062+00:00,2026-10-04T15:49:58.528904+00:00,6a6beee39bca7ac0ded729a3b070a9de172476b84ce20dc678917e36a4e88508,062e70957fce9bf359d160b77c86e18182822fc1c3af5d9987e7c722951098fc,de93be26a0cac19df4c04a1fb5b001ec58ec88658deb024eebab397896e81efa,afcb3471dbf76002cb3c8f2324fc2fc05aec59fa3e637ebdcc01aea0eb0a73f7,Uploaded in this connection; reused only within this case,"{'a': '1a42ada0867177818eca2ba934314f18f62b98f2d94f62dafcc4371679d32621', 'bt': '89967052fbe6e40c69ed4722af2814fa53d84011a85336f7e4035edc73f45374', 'c': '1c04f1086b45a933c70da433a5fed5aadcad9ea8bf574e4be4b086cad58cb962'}",PASS,18.436162500001956,0.19199349998962134,0.5440774000016972,296996,285696,131072,32768,262144,3470,0,4224,8,32,2638998349,100000000,65536,393600,131456,27.823050000006333,0.031972300028428435,46.99528339999961,0.00296996,11.297940713006236,0.8826516182036122
1,PASS,True,24,0,11,20370707,256,256,256,"{'m': 256, 'n': 256, 'k': 256, 'a_base': 64, 'bt_base': 65728, 'c_base': 131392, 'a_stride': 256, 'bt_stride': 256, 'c_stride': 1024, 'mode': 0, 'watchdog': 10000000}",2026-10-04T15:49:58.578711+00:00,2026-10-04T15:50:45.567141+00:00,6a6beee39bca7ac0ded729a3b070a9de172476b84ce20dc678917e36a4e88508,062e70957fce9bf359d160b77c86e18182822fc1c3af5d9987e7c722951098fc,de93be26a0cac19df4c04a1fb5b001ec58ec88658deb024eebab397896e81efa,afcb3471dbf76002cb3c8f2324fc2fc05aec59fa3e637ebdcc01aea0eb0a73f7,Uploaded in this connection; reused only within this case,"{'a': '1a42ada0867177818eca2ba934314f18f62b98f2d94f62dafcc4371679d32621', 'bt': '89967052fbe6e40c69ed4722af2814fa53d84011a85336f7e4035edc73f45374', 'c': '1c04f1086b45a933c70da433a5fed5aadcad9ea8bf574e4be4b086cad58cb962'}",PASS,18.458476800005883,0.19187039998359978,0.543963200005237,741114,285696,131072,32768,262144,222364,0,4224,8,32,2638998349,100000000,65536,393600,131456,27.75933889998123,0.03182380000362173,46.95364929997595,0.00741114,4.5275668790496475,0.35371616242575366
1,PASS,True,25,0,12,20370707,256,256,256,"{'m': 256, 'n': 256, 'k': 256, 'a_base': 64, 'bt_base': 65728, 'c_base': 131392, 'a_stride': 256, 'bt_stride': 256, 'c_stride': 1024, 'mode': 0, 'watchdog': 10000000}",2026-10-04T15:50:45.613733+00:00,2026-10-04T15:51:32.621338+00:00,6a6beee39bca7ac0ded729a3b070a9de172476b84ce20dc678917e36a4e88508,062e70957fce9bf359d160b77c86e18182822fc1c3af5d9987e7c722951098fc,de93be26a0cac19df4c04a1fb5b001ec58ec88658deb024eebab397896e81efa,4857cced9e9ed49318f79ce1ef3bbd37112694dd3a41830c10787b646744261f,Uploaded in this connection; reused only within this case,"{'a': '1a42ada0867177818eca2ba934314f18f62b98f2d94f62dafcc4371679d32621', 'bt': '89967052fbe6e40c69ed4722af2814fa53d84011a85336f7e4035edc73f45374', 'c': '7888ec1c5a6504349765fa9cd431efb0d5939f79ffe5ba8254a3b714ab2733f4'}",PASS,18.46165289997589,0.19166720000794157,0.5440683999913745,741002,285696,131072,32768,262144,222373,0,4224,8,32,2638998349,100000000,65536,393600,131456,27.774998800014146,0.03192859998671338,46.97238729998935,0.00741002,4.528251205799714,0.3537696254531027
1,PASS,True,26,1,12,20370707,256,256,256,"{'m': 256, 'n': 256, 'k': 256, 'a_base': 64, 'bt_base': 65728, 'c_base': 131392, 'a_stride': 256, 'bt_stride': 256, 'c_stride': 1024, 'mode': 1, 'watchdog': 10000000}",2026-10-04T15:51:32.668770+00:00,2026-10-04T15:52:19.691653+00:00,6a6beee39bca7ac0ded729a3b070a9de172476b84ce20dc678917e36a4e88508,062e70957fce9bf359d160b77c86e18182822fc1c3af5d9987e7c722951098fc,de93be26a0cac19df4c04a1fb5b001ec58ec88658deb024eebab397896e81efa,4857cced9e9ed49318f79ce1ef3bbd37112694dd3a41830c10787b646744261f,Uploaded in this connection; reused only within this case,"{'a': '1a42ada0867177818eca2ba934314f18f62b98f2d94f62dafcc4371679d32621', 'bt': '89967052fbe6e40c69ed4722af2814fa53d84011a85336f7e4035edc73f45374', 'c': '7888ec1c5a6504349765fa9cd431efb0d5939f79ffe5ba8254a3b714ab2733f4'}",PASS,18.460851199983153,0.19182270002784207,0.5440032000187784,297058,285696,131072,32768,262144,3475,0,4224,8,32,2638998349,100000000,65536,393600,131456,27.791153199970722,0.03189859999110922,46.987830300000496,0.00297058,11.295582680823273,0.8824673969393182
1,PASS,True,27,1,13,20370707,256,256,256,"{'m': 256, 'n': 256, 'k': 256, 'a_base': 64, 'bt_base': 65728, 'c_base': 131392, 'a_stride': 256, 'bt_stride': 256, 'c_stride': 1024, 'mode': 1, 'watchdog': 10000000}",2026-10-04T15:52:19.738352+00:00,2026-10-04T15:53:06.713882+00:00,6a6beee39bca7ac0ded729a3b070a9de172476b84ce20dc678917e36a4e88508,062e70957fce9bf359d160b77c86e18182822fc1c3af5d9987e7c722951098fc,de93be26a0cac19df4c04a1fb5b001ec58ec88658deb024eebab397896e81efa,1ca2d4485d902b19ea7d6b787e7e6389cfa712bc165f5fd24a1a72e7097d9dd6,Uploaded in this connection; reused only within this case,"{'a': '1a42ada0867177818eca2ba934314f18f62b98f2d94f62dafcc4371679d32621', 'bt': '89967052fbe6e40c69ed4722af2814fa53d84011a85336f7e4035edc73f45374', 'c': 'ecbdfb048b576d80b2cb294640a80945cb2e2d6c1179b52f2694043be4294054'}",PASS,18.446387299976777,0.19192770001245663,0.5443544999579899,297001,285696,131072,32768,262144,3483,0,4224,8,32,2638998349,100000000,65536,393600,131456,27.758743500045966,0.031980899977497756,46.94141299999319,0.00297001,11.297750512624537,0.8826367587987919
1,PASS,True,28,0,13,20370707,256,256,256,"{'m': 256, 'n': 256, 'k': 256, 'a_base': 64, 'bt_base': 65728, 'c_base': 131392, 'a_stride': 256, 'bt_stride': 256, 'c_stride': 1024, 'mode': 0, 'watchdog': 10000000}",2026-10-04T15:53:06.756562+00:00,2026-10-04T15:53:53.720001+00:00,6a6beee39bca7ac0ded729a3b070a9de172476b84ce20dc678917e36a4e88508,062e70957fce9bf359d160b77c86e18182822fc1c3af5d9987e7c722951098fc,de93be26a0cac19df4c04a1fb5b001ec58ec88658deb024eebab397896e81efa,1ca2d4485d902b19ea7d6b787e7e6389cfa712bc165f5fd24a1a72e7097d9dd6,Uploaded in this connection; reused only within this case,"{'a': '1a42ada0867177818eca2ba934314f18f62b98f2d94f62dafcc4371679d32621', 'bt': '89967052fbe6e40c69ed4722af2814fa53d84011a85336f7e4035edc73f45374', 'c': 'ecbdfb048b576d80b2cb294640a80945cb2e2d6c1179b52f2694043be4294054'}",PASS,18.43319860001793,0.19199949997710064,0.5439690999919549,741032,285696,131072,32768,262144,222411,0,4224,8,32,2638998349,100000000,65536,393600,131456,27.759127299999818,0.031790200038813055,46.928294499986805,0.00741032,4.528067883708126,0.35375530341469735
1,PASS,True,29,0,14,20370707,256,256,256,"{'m': 256, 'n': 256, 'k': 256, 'a_base': 64, 'bt_base': 65728, 'c_base': 131392, 'a_stride': 256, 'bt_stride': 256, 'c_stride': 1024, 'mode': 0, 'watchdog': 10000000}",2026-10-04T15:53:53.763383+00:00,2026-10-04T15:54:40.726391+00:00,6a6beee39bca7ac0ded729a3b070a9de172476b84ce20dc678917e36a4e88508,062e70957fce9bf359d160b77c86e18182822fc1c3af5d9987e7c722951098fc,de93be26a0cac19df4c04a1fb5b001ec58ec88658deb024eebab397896e81efa,085e90612aefe73637cee22a9dcc385a5c5923d00c72b98e1ba88f9fa3780ac1,Uploaded in this connection; reused only within this case,"{'a': '1a42ada0867177818eca2ba934314f18f62b98f2d94f62dafcc4371679d32621', 'bt': '89967052fbe6e40c69ed4722af2814fa53d84011a85336f7e4035edc73f45374', 'c': 'f6e271002ef2b405b3ded0f2ae1b2e5451943e8fa93f9fa1026c223e420a990a'}",PASS,18.433041400043294,0.192791799956467,0.5432234000181779,741076,285696,131072,32768,262144,222399,0,4224,8,32,2638998349,100000000,65536,393600,131456,27.759135800006334,0.03182919998653233,46.92819240002427,0.00741076,4.52779903815533,0.3537342998558852
1,PASS,True,30,1,14,20370707,256,256,256,"{'m': 256, 'n': 256, 'k': 256, 'a_base': 64, 'bt_base': 65728, 'c_base': 131392, 'a_stride': 256, 'bt_stride': 256, 'c_stride': 1024, 'mode': 1, 'watchdog': 10000000}",2026-10-04T15:54:40.774423+00:00,2026-10-04T15:55:27.781506+00:00,6a6beee39bca7ac0ded729a3b070a9de172476b84ce20dc678917e36a4e88508,062e70957fce9bf359d160b77c86e18182822fc1c3af5d9987e7c722951098fc,de93be26a0cac19df4c04a1fb5b001ec58ec88658deb024eebab397896e81efa,085e90612aefe73637cee22a9dcc385a5c5923d00c72b98e1ba88f9fa3780ac1,Uploaded in this connection; reused only within this case,"{'a': '1a42ada0867177818eca2ba934314f18f62b98f2d94f62dafcc4371679d32621', 'bt': '89967052fbe6e40c69ed4722af2814fa53d84011a85336f7e4035edc73f45374', 'c': 'f6e271002ef2b405b3ded0f2ae1b2e5451943e8fa93f9fa1026c223e420a990a'}",PASS,18.4443741000141,0.1918250999879092,0.5440467000007629,297008,285696,131072,32768,262144,3472,0,4224,8,32,2638998349,100000000,65536,393600,131456,27.791210700001102,0.03259519999846816,46.971456600003876,0.00297008,11.297484242848677,0.882615956472553
1,PASS,True,31,1,15,20370707,256,256,256,"{'m': 256, 'n': 256, 'k': 256, 'a_base': 64, 'bt_base': 65728, 'c_base': 131392, 'a_stride': 256, 'bt_stride': 256, 'c_stride': 1024, 'mode': 1, 'watchdog': 10000000}",2026-10-04T15:55:27.830190+00:00,2026-10-04T15:56:14.804070+00:00,6a6beee39bca7ac0ded729a3b070a9de172476b84ce20dc678917e36a4e88508,062e70957fce9bf359d160b77c86e18182822fc1c3af5d9987e7c722951098fc,de93be26a0cac19df4c04a1fb5b001ec58ec88658deb024eebab397896e81efa,6248a620fb3572eca74867d00b1c3166e6a745e4e81fceed205b87cf6c21fc1e,Uploaded in this connection; reused only within this case,"{'a': '1a42ada0867177818eca2ba934314f18f62b98f2d94f62dafcc4371679d32621', 'bt': '89967052fbe6e40c69ed4722af2814fa53d84011a85336f7e4035edc73f45374', 'c': 'bc5a162e8278e4eba1291a49cd2386c1c4ad40e15e0817cb35ede7be6d02568d'}",PASS,18.44257060001837,0.191959899966605,0.544081800035201,296969,285696,131072,32768,262144,3452,0,4224,8,32,2638998349,100000000,65536,393600,131456,27.758981899998616,0.0330738999764435,46.93759420001879,0.00296969,11.298967905741003,0.8827318676360159
1,PASS,True,32,0,15,20370707,256,256,256,"{'m': 256, 'n': 256, 'k': 256, 'a_base': 64, 'bt_base': 65728, 'c_base': 131392, 'a_stride': 256, 'bt_stride': 256, 'c_stride': 1024, 'mode': 0, 'watchdog': 10000000}",2026-10-04T15:56:14.870519+00:00,2026-10-04T15:57:01.889153+00:00,6a6beee39bca7ac0ded729a3b070a9de172476b84ce20dc678917e36a4e88508,062e70957fce9bf359d160b77c86e18182822fc1c3af5d9987e7c722951098fc,de93be26a0cac19df4c04a1fb5b001ec58ec88658deb024eebab397896e81efa,6248a620fb3572eca74867d00b1c3166e6a745e4e81fceed205b87cf6c21fc1e,Uploaded in this connection; reused only within this case,"{'a': '1a42ada0867177818eca2ba934314f18f62b98f2d94f62dafcc4371679d32621', 'bt': '89967052fbe6e40c69ed4722af2814fa53d84011a85336f7e4035edc73f45374', 'c': 'bc5a162e8278e4eba1291a49cd2386c1c4ad40e15e0817cb35ede7be6d02568d'}",PASS,18.44095149997156,0.19202690001111478,0.5439918999909423,741319,285696,131072,32768,262144,222462,0,4224,8,32,2638998349,100000000,65536,393600,131456,27.80704779998632,0.03189290000591427,46.98401809995994,0.00741319,4.526314852310544,0.3536183478367612
1,PASS,True,33,0,16,20370707,256,256,256,"{'m': 256, 'n': 256, 'k': 256, 'a_base': 64, 'bt_base': 65728, 'c_base': 131392, 'a_stride': 256, 'bt_stride': 256, 'c_stride': 1024, 'mode': 0, 'watchdog': 10000000}",2026-10-04T15:57:01.937481+00:00,2026-10-04T15:57:48.911411+00:00,6a6beee39bca7ac0ded729a3b070a9de172476b84ce20dc678917e36a4e88508,062e70957fce9bf359d160b77c86e18182822fc1c3af5d9987e7c722951098fc,de93be26a0cac19df4c04a1fb5b001ec58ec88658deb024eebab397896e81efa,1083384c113c383b63750c8ede1348f9ec891ebe5d52c35ba6cf775a5970a743,Uploaded in this connection; reused only within this case,"{'a': '1a42ada0867177818eca2ba934314f18f62b98f2d94f62dafcc4371679d32621', 'bt': '89967052fbe6e40c69ed4722af2814fa53d84011a85336f7e4035edc73f45374', 'c': '28bdb10234b46ac0911f12caf3c4df5f769cec073cba83edd2351b6a97eab3ac'}",PASS,18.444131600030232,0.1921468999935314,0.5439593999763019,740978,285696,131072,32768,262144,222364,0,4224,8,32,2638998349,100000000,65536,393600,131456,27.759025200037286,0.031856799963861704,46.93926310003735,0.00740978,4.5283978741609054,0.3537810839188208
1,PASS,True,34,1,16,20370707,256,256,256,"{'m': 256, 'n': 256, 'k': 256, 'a_base': 64, 'bt_base': 65728, 'c_base': 131392, 'a_stride': 256, 'bt_stride': 256, 'c_stride': 1024, 'mode': 1, 'watchdog': 10000000}",2026-10-04T15:57:48.953237+00:00,2026-10-04T15:58:35.965826+00:00,6a6beee39bca7ac0ded729a3b070a9de172476b84ce20dc678917e36a4e88508,062e70957fce9bf359d160b77c86e18182822fc1c3af5d9987e7c722951098fc,de93be26a0cac19df4c04a1fb5b001ec58ec88658deb024eebab397896e81efa,1083384c113c383b63750c8ede1348f9ec891ebe5d52c35ba6cf775a5970a743,Uploaded in this connection; reused only within this case,"{'a': '1a42ada0867177818eca2ba934314f18f62b98f2d94f62dafcc4371679d32621', 'bt': '89967052fbe6e40c69ed4722af2814fa53d84011a85336f7e4035edc73f45374', 'c': '28bdb10234b46ac0911f12caf3c4df5f769cec073cba83edd2351b6a97eab3ac'}",PASS,18.48275880003348,0.1919841999770142,0.5439246000023559,297001,285696,131072,32768,262144,3494,0,4224,8,32,2638998349,100000000,65536,393600,131456,27.759155199979432,0.031939500011503696,46.97782279999228,0.00297001,11.297750512624537,0.8826367587987919
1,PASS,True,35,1,17,20370707,256,256,256,"{'m': 256, 'n': 256, 'k': 256, 'a_base': 64, 'bt_base': 65728, 'c_base': 131392, 'a_stride': 256, 'bt_stride': 256, 'c_stride': 1024, 'mode': 1, 'watchdog': 10000000}",2026-10-04T15:58:36.027435+00:00,2026-10-04T15:59:23.004066+00:00,6a6beee39bca7ac0ded729a3b070a9de172476b84ce20dc678917e36a4e88508,062e70957fce9bf359d160b77c86e18182822fc1c3af5d9987e7c722951098fc,de93be26a0cac19df4c04a1fb5b001ec58ec88658deb024eebab397896e81efa,be779a23e69bc722fbc5c7d27384f5fc4e0db8cd18e099ec250b8cf4e5540c6e,Uploaded in this connection; reused only within this case,"{'a': '1a42ada0867177818eca2ba934314f18f62b98f2d94f62dafcc4371679d32621', 'bt': '89967052fbe6e40c69ed4722af2814fa53d84011a85336f7e4035edc73f45374', 'c': 'e76bcd993b08f7ec2de1f3e9362674e491516f3371dfa7ab668cc8cac617ade3'}",PASS,18.44641660002526,0.19197439996059984,0.5438709000009112,296996,285696,131072,32768,262144,3489,0,4224,8,32,2638998349,100000000,65536,393600,131456,27.759221800020896,0.03196429996751249,46.941483700007666,0.00296996,11.297940713006236,0.8826516182036122
1,PASS,True,36,0,17,20370707,256,256,256,"{'m': 256, 'n': 256, 'k': 256, 'a_base': 64, 'bt_base': 65728, 'c_base': 131392, 'a_stride': 256, 'bt_stride': 256, 'c_stride': 1024, 'mode': 0, 'watchdog': 10000000}",2026-10-04T15:59:23.048862+00:00,2026-10-04T16:00:10.266099+00:00,6a6beee39bca7ac0ded729a3b070a9de172476b84ce20dc678917e36a4e88508,062e70957fce9bf359d160b77c86e18182822fc1c3af5d9987e7c722951098fc,de93be26a0cac19df4c04a1fb5b001ec58ec88658deb024eebab397896e81efa,be779a23e69bc722fbc5c7d27384f5fc4e0db8cd18e099ec250b8cf4e5540c6e,Uploaded in this connection; reused only within this case,"{'a': '1a42ada0867177818eca2ba934314f18f62b98f2d94f62dafcc4371679d32621', 'bt': '89967052fbe6e40c69ed4722af2814fa53d84011a85336f7e4035edc73f45374', 'c': 'e76bcd993b08f7ec2de1f3e9362674e491516f3371dfa7ab668cc8cac617ade3'}",PASS,18.527050100034103,0.1920484000002034,0.5439505999675021,741262,285696,131072,32768,262144,222431,0,4224,8,32,2638998349,100000000,65536,393600,131456,27.919172400026582,0.03179259999888018,47.18222150002839,0.00741262,4.526662907312124,0.3536455396337597
1,PASS,True,37,0,18,20370707,256,256,256,"{'m': 256, 'n': 256, 'k': 256, 'a_base': 64, 'bt_base': 65728, 'c_base': 131392, 'a_stride': 256, 'bt_stride': 256, 'c_stride': 1024, 'mode': 0, 'watchdog': 10000000}",2026-10-04T16:00:10.302727+00:00,2026-10-04T16:00:57.577374+00:00,6a6beee39bca7ac0ded729a3b070a9de172476b84ce20dc678917e36a4e88508,062e70957fce9bf359d160b77c86e18182822fc1c3af5d9987e7c722951098fc,de93be26a0cac19df4c04a1fb5b001ec58ec88658deb024eebab397896e81efa,63d5af9a72621bcef1c9abe9f595c5b22a53646ddf6e086f38ac33a850ae8efd,Uploaded in this connection; reused only within this case,"{'a': '1a42ada0867177818eca2ba934314f18f62b98f2d94f62dafcc4371679d32621', 'bt': '89967052fbe6e40c69ed4722af2814fa53d84011a85336f7e4035edc73f45374', 'c': '42270d8a8ddedb3dc785469097b6956936a9e0965099fb7712a0260e88105c10'}",PASS,18.586028299992904,0.1920103000011295,0.5440598999848589,741032,285696,131072,32768,262144,222411,0,4224,8,32,2638998349,100000000,65536,393600,131456,27.91905179998139,0.0318451999919489,47.24115029996028,0.00741032,4.528067883708126,0.35375530341469735
1,PASS,True,38,1,18,20370707,256,256,256,"{'m': 256, 'n': 256, 'k': 256, 'a_base': 64, 'bt_base': 65728, 'c_base': 131392, 'a_stride': 256, 'bt_stride': 256, 'c_stride': 1024, 'mode': 1, 'watchdog': 10000000}",2026-10-04T16:00:57.615585+00:00,2026-10-04T16:01:44.839621+00:00,6a6beee39bca7ac0ded729a3b070a9de172476b84ce20dc678917e36a4e88508,062e70957fce9bf359d160b77c86e18182822fc1c3af5d9987e7c722951098fc,de93be26a0cac19df4c04a1fb5b001ec58ec88658deb024eebab397896e81efa,63d5af9a72621bcef1c9abe9f595c5b22a53646ddf6e086f38ac33a850ae8efd,Uploaded in this connection; reused only within this case,"{'a': '1a42ada0867177818eca2ba934314f18f62b98f2d94f62dafcc4371679d32621', 'bt': '89967052fbe6e40c69ed4722af2814fa53d84011a85336f7e4035edc73f45374', 'c': '42270d8a8ddedb3dc785469097b6956936a9e0965099fb7712a0260e88105c10'}",PASS,18.551384899998084,0.1920098999980837,0.5439775999984704,296990,285696,131072,32768,262144,3472,0,4224,8,32,2638998349,100000000,65536,393600,131456,27.903024400002323,0.031917500018607825,47.19039679999696,0.0029699,11.29816896191791,0.8826694501498367
1,PASS,True,39,1,19,20370707,256,256,256,"{'m': 256, 'n': 256, 'k': 256, 'a_base': 64, 'bt_base': 65728, 'c_base': 131392, 'a_stride': 256, 'bt_stride': 256, 'c_stride': 1024, 'mode': 1, 'watchdog': 10000000}",2026-10-04T16:01:44.874935+00:00,2026-10-04T16:02:32.085852+00:00,6a6beee39bca7ac0ded729a3b070a9de172476b84ce20dc678917e36a4e88508,062e70957fce9bf359d160b77c86e18182822fc1c3af5d9987e7c722951098fc,de93be26a0cac19df4c04a1fb5b001ec58ec88658deb024eebab397896e81efa,3e57a69102148661361a96811143e563b9b92d997d550a73d3936eb9d1bd3074,Uploaded in this connection; reused only within this case,"{'a': '1a42ada0867177818eca2ba934314f18f62b98f2d94f62dafcc4371679d32621', 'bt': '89967052fbe6e40c69ed4722af2814fa53d84011a85336f7e4035edc73f45374', 'c': '6682abdf9931bd075b307a78da8dc58e6b52addb4785eda392a3c3935bc32a11'}",PASS,18.554010499967262,0.19203249999554828,0.5440494000213221,297042,285696,131072,32768,262144,3508,0,4224,8,32,2638998349,100000000,65536,393600,131456,27.886979300004896,0.03184549999423325,47.17707169998903,0.00297042,11.296191111021338,0.8825149305485419
1,PASS,True,40,0,19,20370707,256,256,256,"{'m': 256, 'n': 256, 'k': 256, 'a_base': 64, 'bt_base': 65728, 'c_base': 131392, 'a_stride': 256, 'bt_stride': 256, 'c_stride': 1024, 'mode': 0, 'watchdog': 10000000}",2026-10-04T16:02:32.121907+00:00,2026-10-04T16:03:19.435047+00:00,6a6beee39bca7ac0ded729a3b070a9de172476b84ce20dc678917e36a4e88508,062e70957fce9bf359d160b77c86e18182822fc1c3af5d9987e7c722951098fc,de93be26a0cac19df4c04a1fb5b001ec58ec88658deb024eebab397896e81efa,3e57a69102148661361a96811143e563b9b92d997d550a73d3936eb9d1bd3074,Uploaded in this connection; reused only within this case,"{'a': '1a42ada0867177818eca2ba934314f18f62b98f2d94f62dafcc4371679d32621', 'bt': '89967052fbe6e40c69ed4722af2814fa53d84011a85336f7e4035edc73f45374', 'c': '6682abdf9931bd075b307a78da8dc58e6b52addb4785eda392a3c3935bc32a11'}",PASS,18.50573199999053,0.19197830004850402,0.5598625999991782,740896,285696,131072,32768,262144,222256,0,4224,8,32,2638998349,100000000,65536,393600,131456,28.022246999957133,0.031733900017570704,47.279819899995346,0.00740896,4.528899062756446,0.35382023927784734
1,PASS,True,41,0,20,20370707,256,256,256,"{'m': 256, 'n': 256, 'k': 256, 'a_base': 64, 'bt_base': 65728, 'c_base': 131392, 'a_stride': 256, 'bt_stride': 256, 'c_stride': 1024, 'mode': 0, 'watchdog': 10000000}",2026-10-04T16:03:19.470613+00:00,2026-10-04T16:04:06.857304+00:00,6a6beee39bca7ac0ded729a3b070a9de172476b84ce20dc678917e36a4e88508,062e70957fce9bf359d160b77c86e18182822fc1c3af5d9987e7c722951098fc,de93be26a0cac19df4c04a1fb5b001ec58ec88658deb024eebab397896e81efa,4604369aaae51da629e6c1444439f9f8fd438402f1dd51891d8639b97305e1f9,Uploaded in this connection; reused only within this case,"{'a': '1a42ada0867177818eca2ba934314f18f62b98f2d94f62dafcc4371679d32621', 'bt': '89967052fbe6e40c69ed4722af2814fa53d84011a85336f7e4035edc73f45374', 'c': 'b01cc1900946fc6f847c1c6740532ad5e1e54c196e7e2734433660283f30d207'}",PASS,18.63424559996929,0.19199660001322627,0.5601369999931194,741068,285696,131072,32768,262144,222338,0,4224,8,32,2638998349,100000000,65536,393600,131456,27.966821999987587,0.03188760002376512,47.35320119996322,0.00741068,4.527847916790362,0.353738118499247
1,PASS,True,42,1,20,20370707,256,256,256,"{'m': 256, 'n': 256, 'k': 256, 'a_base': 64, 'bt_base': 65728, 'c_base': 131392, 'a_stride': 256, 'bt_stride': 256, 'c_stride': 1024, 'mode': 1, 'watchdog': 10000000}",2026-10-04T16:04:06.893514+00:00,2026-10-04T16:04:54.231546+00:00,6a6beee39bca7ac0ded729a3b070a9de172476b84ce20dc678917e36a4e88508,062e70957fce9bf359d160b77c86e18182822fc1c3af5d9987e7c722951098fc,de93be26a0cac19df4c04a1fb5b001ec58ec88658deb024eebab397896e81efa,4604369aaae51da629e6c1444439f9f8fd438402f1dd51891d8639b97305e1f9,Uploaded in this connection; reused only within this case,"{'a': '1a42ada0867177818eca2ba934314f18f62b98f2d94f62dafcc4371679d32621', 'bt': '89967052fbe6e40c69ed4722af2814fa53d84011a85336f7e4035edc73f45374', 'c': 'b01cc1900946fc6f847c1c6740532ad5e1e54c196e7e2734433660283f30d207'}",PASS,18.601511400018353,0.19199680001474917,0.5439786000060849,297025,285696,131072,32768,262144,3481,0,4224,8,32,2638998349,100000000,65536,393600,131456,27.967193899967242,0.031710100010968745,47.30468070000643,0.00297025,11.296837639929299,0.8825654406194765
1,PASS,True,43,1,21,20370707,256,256,256,"{'m': 256, 'n': 256, 'k': 256, 'a_base': 64, 'bt_base': 65728, 'c_base': 131392, 'a_stride': 256, 'bt_stride': 256, 'c_stride': 1024, 'mode': 1, 'watchdog': 10000000}",2026-10-04T16:04:54.266881+00:00,2026-10-04T16:05:41.637798+00:00,6a6beee39bca7ac0ded729a3b070a9de172476b84ce20dc678917e36a4e88508,062e70957fce9bf359d160b77c86e18182822fc1c3af5d9987e7c722951098fc,de93be26a0cac19df4c04a1fb5b001ec58ec88658deb024eebab397896e81efa,8799451097357610486853804fcf92ae5e9ddbea75bdb901e4425b89f17cafb4,Uploaded in this connection; reused only within this case,"{'a': '1a42ada0867177818eca2ba934314f18f62b98f2d94f62dafcc4371679d32621', 'bt': '89967052fbe6e40c69ed4722af2814fa53d84011a85336f7e4035edc73f45374', 'c': '99c7556ce0932ad46292c76008d1176cef3ba2bfa5fd0fc07f934a50166b4899'}",PASS,18.602222399960738,0.19210840004961938,0.5438521999749355,296990,285696,131072,32768,262144,3475,0,4224,8,32,2638998349,100000000,65536,393600,131456,27.99907279998297,0.03184850001707673,47.33725579996826,0.0029699,11.29816896191791,0.8826694501498367
1,PASS,True,44,0,21,20370707,256,256,256,"{'m': 256, 'n': 256, 'k': 256, 'a_base': 64, 'bt_base': 65728, 'c_base': 131392, 'a_stride': 256, 'bt_stride': 256, 'c_stride': 1024, 'mode': 0, 'watchdog': 10000000}",2026-10-04T16:05:41.672641+00:00,2026-10-04T16:06:28.964072+00:00,6a6beee39bca7ac0ded729a3b070a9de172476b84ce20dc678917e36a4e88508,062e70957fce9bf359d160b77c86e18182822fc1c3af5d9987e7c722951098fc,de93be26a0cac19df4c04a1fb5b001ec58ec88658deb024eebab397896e81efa,8799451097357610486853804fcf92ae5e9ddbea75bdb901e4425b89f17cafb4,Uploaded in this connection; reused only within this case,"{'a': '1a42ada0867177818eca2ba934314f18f62b98f2d94f62dafcc4371679d32621', 'bt': '89967052fbe6e40c69ed4722af2814fa53d84011a85336f7e4035edc73f45374', 'c': '99c7556ce0932ad46292c76008d1176cef3ba2bfa5fd0fc07f934a50166b4899'}",PASS,18.522950200014748,0.19203099998412654,0.5439254000084475,741040,285696,131072,32768,262144,222294,0,4224,8,32,2638998349,100000000,65536,393600,131456,27.99904099997366,0.03191970003535971,47.25794759998098,0.0074104,4.5280190003238685,0.3537514844003023
1,PASS,True,45,0,22,20370707,256,256,256,"{'m': 256, 'n': 256, 'k': 256, 'a_base': 64, 'bt_base': 65728, 'c_base': 131392, 'a_stride': 256, 'bt_stride': 256, 'c_stride': 1024, 'mode': 0, 'watchdog': 10000000}",2026-10-04T16:06:29.001054+00:00,2026-10-04T16:07:16.338315+00:00,6a6beee39bca7ac0ded729a3b070a9de172476b84ce20dc678917e36a4e88508,062e70957fce9bf359d160b77c86e18182822fc1c3af5d9987e7c722951098fc,de93be26a0cac19df4c04a1fb5b001ec58ec88658deb024eebab397896e81efa,7ec1fcae36fd7990cf78d7f4d16f968e9a3e7984ff52e05a68c226b0d34b196a,Uploaded in this connection; reused only within this case,"{'a': '1a42ada0867177818eca2ba934314f18f62b98f2d94f62dafcc4371679d32621', 'bt': '89967052fbe6e40c69ed4722af2814fa53d84011a85336f7e4035edc73f45374', 'c': '7727068b8a2d7963f46dfd8c0f12b17e57703b33c093f1c309263f42849faa95'}",PASS,18.568837300001178,0.19200859998818487,0.5439494000165723,741305,285696,131072,32768,262144,222448,0,4224,8,32,2638998349,100000000,65536,393600,131456,27.999157599988393,0.031879100017249584,47.30395289999433,0.00741305,4.52640033454516,0.35362502613634067
1,PASS,True,46,1,22,20370707,256,256,256,"{'m': 256, 'n': 256, 'k': 256, 'a_base': 64, 'bt_base': 65728, 'c_base': 131392, 'a_stride': 256, 'bt_stride': 256, 'c_stride': 1024, 'mode': 1, 'watchdog': 10000000}",2026-10-04T16:07:16.375000+00:00,2026-10-04T16:08:03.632503+00:00,6a6beee39bca7ac0ded729a3b070a9de172476b84ce20dc678917e36a4e88508,062e70957fce9bf359d160b77c86e18182822fc1c3af5d9987e7c722951098fc,de93be26a0cac19df4c04a1fb5b001ec58ec88658deb024eebab397896e81efa,7ec1fcae36fd7990cf78d7f4d16f968e9a3e7984ff52e05a68c226b0d34b196a,Uploaded in this connection; reused only within this case,"{'a': '1a42ada0867177818eca2ba934314f18f62b98f2d94f62dafcc4371679d32621', 'bt': '89967052fbe6e40c69ed4722af2814fa53d84011a85336f7e4035edc73f45374', 'c': '7727068b8a2d7963f46dfd8c0f12b17e57703b33c093f1c309263f42849faa95'}",PASS,18.568830200005323,0.19200569996610284,0.5440328000113368,297020,285696,131072,32768,262144,3467,0,4224,8,32,2638998349,100000000,65536,393600,131456,27.919110400020145,0.031795699964277446,47.22397910000291,0.0029702,11.297027809575113,0.8825802976230557
1,PASS,True,47,1,23,20370707,256,256,256,"{'m': 256, 'n': 256, 'k': 256, 'a_base': 64, 'bt_base': 65728, 'c_base': 131392, 'a_stride': 256, 'bt_stride': 256, 'c_stride': 1024, 'mode': 1, 'watchdog': 10000000}",2026-10-04T16:08:03.668710+00:00,2026-10-04T16:08:50.910774+00:00,6a6beee39bca7ac0ded729a3b070a9de172476b84ce20dc678917e36a4e88508,062e70957fce9bf359d160b77c86e18182822fc1c3af5d9987e7c722951098fc,de93be26a0cac19df4c04a1fb5b001ec58ec88658deb024eebab397896e81efa,e890ed2cbbdeb5b049f150a0eaa692068fba97bce947f21edef7e90d7cd2249b,Uploaded in this connection; reused only within this case,"{'a': '1a42ada0867177818eca2ba934314f18f62b98f2d94f62dafcc4371679d32621', 'bt': '89967052fbe6e40c69ed4722af2814fa53d84011a85336f7e4035edc73f45374', 'c': 'ce85113b37bec94640d37e018fcb5d2d17b56a5e6eaa699b852c761ed799ea29'}",PASS,18.585591199982446,0.19205980002880096,0.559898899984546,297019,285696,131072,32768,262144,3499,0,4224,8,32,2638998349,100000000,65536,393600,131456,27.871100199990906,0.03190370002994314,47.2086500999867,0.00297019,11.29706584427259,0.882583269083796
1,PASS,True,48,0,23,20370707,256,256,256,"{'m': 256, 'n': 256, 'k': 256, 'a_base': 64, 'bt_base': 65728, 'c_base': 131392, 'a_stride': 256, 'bt_stride': 256, 'c_stride': 1024, 'mode': 0, 'watchdog': 10000000}",2026-10-04T16:08:50.948363+00:00,2026-10-04T16:09:38.157096+00:00,6a6beee39bca7ac0ded729a3b070a9de172476b84ce20dc678917e36a4e88508,062e70957fce9bf359d160b77c86e18182822fc1c3af5d9987e7c722951098fc,de93be26a0cac19df4c04a1fb5b001ec58ec88658deb024eebab397896e81efa,e890ed2cbbdeb5b049f150a0eaa692068fba97bce947f21edef7e90d7cd2249b,Uploaded in this connection; reused only within this case,"{'a': '1a42ada0867177818eca2ba934314f18f62b98f2d94f62dafcc4371679d32621', 'bt': '89967052fbe6e40c69ed4722af2814fa53d84011a85336f7e4035edc73f45374', 'c': 'ce85113b37bec94640d37e018fcb5d2d17b56a5e6eaa699b852c761ed799ea29'}",PASS,18.534582699998282,0.19195139996008947,0.5441597999888472,741270,285696,131072,32768,262144,222428,0,4224,8,32,2638998349,100000000,65536,393600,131456,27.903030800051056,0.0318635999574326,47.173724699998274,0.0074127,4.526614054258232,0.35364172298892443
1,PASS,True,49,0,24,20370707,256,256,256,"{'m': 256, 'n': 256, 'k': 256, 'a_base': 64, 'bt_base': 65728, 'c_base': 131392, 'a_stride': 256, 'bt_stride': 256, 'c_stride': 1024, 'mode': 0, 'watchdog': 10000000}",2026-10-04T16:09:38.192989+00:00,2026-10-04T16:10:25.456092+00:00,6a6beee39bca7ac0ded729a3b070a9de172476b84ce20dc678917e36a4e88508,062e70957fce9bf359d160b77c86e18182822fc1c3af5d9987e7c722951098fc,de93be26a0cac19df4c04a1fb5b001ec58ec88658deb024eebab397896e81efa,b1e038c6da82887ad1ac546442dde8dd1d3d7cb12cd4277d220a72ad5f321dd7,Uploaded in this connection; reused only within this case,"{'a': '1a42ada0867177818eca2ba934314f18f62b98f2d94f62dafcc4371679d32621', 'bt': '89967052fbe6e40c69ed4722af2814fa53d84011a85336f7e4035edc73f45374', 'c': 'a44ace2f4054e3c389b5f6ada81f35d2ec05d0c9571bc08c0b45405db253bdf3'}",PASS,18.5875164999743,0.19202390004647896,0.5440193999675103,741196,285696,131072,32768,262144,222356,0,4224,8,32,2638998349,100000000,65536,393600,131456,27.90633299999172,0.031406600028276443,47.22989279998001,0.00741196,4.527065985245468,0.3536770300973022
1,PASS,True,50,1,24,20370707,256,256,256,"{'m': 256, 'n': 256, 'k': 256, 'a_base': 64, 'bt_base': 65728, 'c_base': 131392, 'a_stride': 256, 'bt_stride': 256, 'c_stride': 1024, 'mode': 1, 'watchdog': 10000000}",2026-10-04T16:10:25.493037+00:00,2026-10-04T16:11:12.732011+00:00,6a6beee39bca7ac0ded729a3b070a9de172476b84ce20dc678917e36a4e88508,062e70957fce9bf359d160b77c86e18182822fc1c3af5d9987e7c722951098fc,de93be26a0cac19df4c04a1fb5b001ec58ec88658deb024eebab397896e81efa,b1e038c6da82887ad1ac546442dde8dd1d3d7cb12cd4277d220a72ad5f321dd7,Uploaded in this connection; reused only within this case,"{'a': '1a42ada0867177818eca2ba934314f18f62b98f2d94f62dafcc4371679d32621', 'bt': '89967052fbe6e40c69ed4722af2814fa53d84011a85336f7e4035edc73f45374', 'c': 'a44ace2f4054e3c389b5f6ada81f35d2ec05d0c9571bc08c0b45405db253bdf3'}",PASS,18.517881400010083,0.19202739995671436,0.5441915999981575,296956,285696,131072,32768,262144,3449,0,4224,8,32,2638998349,100000000,65536,393600,131456,27.951076400000602,0.032196200045291334,47.20517679996556,0.00296956,11.299462546639907,0.8827705114562426
1,PASS,True,51,1,25,20370707,256,256,256,"{'m': 256, 'n': 256, 'k': 256, 'a_base': 64, 'bt_base': 65728, 'c_base': 131392, 'a_stride': 256, 'bt_stride': 256, 'c_stride': 1024, 'mode': 1, 'watchdog': 10000000}",2026-10-04T16:11:12.768677+00:00,2026-10-04T16:11:59.961704+00:00,6a6beee39bca7ac0ded729a3b070a9de172476b84ce20dc678917e36a4e88508,062e70957fce9bf359d160b77c86e18182822fc1c3af5d9987e7c722951098fc,de93be26a0cac19df4c04a1fb5b001ec58ec88658deb024eebab397896e81efa,625a56b501616f0c54ab897ea8aea4d18c806196ec101523c3674472b7e8562c,Uploaded in this connection; reused only within this case,"{'a': '1a42ada0867177818eca2ba934314f18f62b98f2d94f62dafcc4371679d32621', 'bt': '89967052fbe6e40c69ed4722af2814fa53d84011a85336f7e4035edc73f45374', 'c': '677291fbceb36eb5421c86614c39a4a8ac63ffef19030ceb470bcf2535074c17'}",PASS,18.504710600012913,0.19211449997965246,0.5438082999899052,296987,285696,131072,32768,262144,3470,0,4224,8,32,2638998349,100000000,65536,393600,131456,27.919075799989514,0.03186960000311956,47.159709199971985,0.00296987,11.298283089832214,0.8826783663931418
1,PASS,True,52,0,25,20370707,256,256,256,"{'m': 256, 'n': 256, 'k': 256, 'a_base': 64, 'bt_base': 65728, 'c_base': 131392, 'a_stride': 256, 'bt_stride': 256, 'c_stride': 1024, 'mode': 0, 'watchdog': 10000000}",2026-10-04T16:11:59.998003+00:00,2026-10-04T16:12:47.271974+00:00,6a6beee39bca7ac0ded729a3b070a9de172476b84ce20dc678917e36a4e88508,062e70957fce9bf359d160b77c86e18182822fc1c3af5d9987e7c722951098fc,de93be26a0cac19df4c04a1fb5b001ec58ec88658deb024eebab397896e81efa,625a56b501616f0c54ab897ea8aea4d18c806196ec101523c3674472b7e8562c,Uploaded in this connection; reused only within this case,"{'a': '1a42ada0867177818eca2ba934314f18f62b98f2d94f62dafcc4371679d32621', 'bt': '89967052fbe6e40c69ed4722af2814fa53d84011a85336f7e4035edc73f45374', 'c': '677291fbceb36eb5421c86614c39a4a8ac63ffef19030ceb470bcf2535074c17'}",PASS,18.53668000001926,0.19198119995417073,0.5442009000107646,740970,285696,131072,32768,262144,222349,0,4224,8,32,2638998349,100000000,65536,393600,131456,27.96680340002058,0.03199950000271201,47.239665500004776,0.0074097,4.528446765726008,0.3537849035723444
1,PASS,True,53,0,26,20370707,256,256,256,"{'m': 256, 'n': 256, 'k': 256, 'a_base': 64, 'bt_base': 65728, 'c_base': 131392, 'a_stride': 256, 'bt_stride': 256, 'c_stride': 1024, 'mode': 0, 'watchdog': 10000000}",2026-10-04T16:12:47.308004+00:00,2026-10-04T16:13:34.518053+00:00,6a6beee39bca7ac0ded729a3b070a9de172476b84ce20dc678917e36a4e88508,062e70957fce9bf359d160b77c86e18182822fc1c3af5d9987e7c722951098fc,de93be26a0cac19df4c04a1fb5b001ec58ec88658deb024eebab397896e81efa,f5243cf583c22b07f147c7ce9010440861c1bd8b949404cb5f3f155b2b1c74d9,Uploaded in this connection; reused only within this case,"{'a': '1a42ada0867177818eca2ba934314f18f62b98f2d94f62dafcc4371679d32621', 'bt': '89967052fbe6e40c69ed4722af2814fa53d84011a85336f7e4035edc73f45374', 'c': '9b1980e50007ce971cd68fa6788bc7a94eb8a21c86833b5f329f6aeab2665748'}",PASS,18.537327800004277,0.19190099998377264,0.5440149999922141,740937,285696,131072,32768,262144,222280,0,4224,8,32,2638998349,100000000,65536,393600,131456,27.90309779997915,0.031763300008606166,47.176341599959414,0.00740937,4.5286484545919565,0.35380066051499653
1,PASS,True,54,1,26,20370707,256,256,256,"{'m': 256, 'n': 256, 'k': 256, 'a_base': 64, 'bt_base': 65728, 'c_base': 131392, 'a_stride': 256, 'bt_stride': 256, 'c_stride': 1024, 'mode': 1, 'watchdog': 10000000}",2026-10-04T16:13:34.555191+00:00,2026-10-04T16:14:21.749376+00:00,6a6beee39bca7ac0ded729a3b070a9de172476b84ce20dc678917e36a4e88508,062e70957fce9bf359d160b77c86e18182822fc1c3af5d9987e7c722951098fc,de93be26a0cac19df4c04a1fb5b001ec58ec88658deb024eebab397896e81efa,f5243cf583c22b07f147c7ce9010440861c1bd8b949404cb5f3f155b2b1c74d9,Uploaded in this connection; reused only within this case,"{'a': '1a42ada0867177818eca2ba934314f18f62b98f2d94f62dafcc4371679d32621', 'bt': '89967052fbe6e40c69ed4722af2814fa53d84011a85336f7e4035edc73f45374', 'c': '9b1980e50007ce971cd68fa6788bc7a94eb8a21c86833b5f329f6aeab2665748'}",PASS,18.537690899975132,0.19197990000247955,0.5599625000031665,296994,285696,131072,32768,262144,3450,0,4224,8,32,2638998349,100000000,65536,393600,131456,27.871071300003678,0.03189610003028065,47.160704599984456,0.00296994,11.298016794952087,0.8826575621056317
1,PASS,True,55,1,27,20370707,256,256,256,"{'m': 256, 'n': 256, 'k': 256, 'a_base': 64, 'bt_base': 65728, 'c_base': 131392, 'a_stride': 256, 'bt_stride': 256, 'c_stride': 1024, 'mode': 1, 'watchdog': 10000000}",2026-10-04T16:14:21.785630+00:00,2026-10-04T16:15:08.963653+00:00,6a6beee39bca7ac0ded729a3b070a9de172476b84ce20dc678917e36a4e88508,062e70957fce9bf359d160b77c86e18182822fc1c3af5d9987e7c722951098fc,de93be26a0cac19df4c04a1fb5b001ec58ec88658deb024eebab397896e81efa,65119862b345ba7b210fdd804679598179961a32548148c66b2e8e2fe007822b,Uploaded in this connection; reused only within this case,"{'a': '1a42ada0867177818eca2ba934314f18f62b98f2d94f62dafcc4371679d32621', 'bt': '89967052fbe6e40c69ed4722af2814fa53d84011a85336f7e4035edc73f45374', 'c': 'af33228856e1f8755c90bd3333eb329e7050a91c50f5bd3d9ca1bda0951a194f'}",PASS,18.505576500028837,0.19197799998801202,0.5439607999869622,296951,285696,131072,32768,262144,3443,0,4224,8,32,2638998349,100000000,65536,393600,131456,27.903218300023582,0.03170309995766729,47.14473360002739,0.00296951,11.299652804671478,0.8827853753649592
1,PASS,True,56,0,27,20370707,256,256,256,"{'m': 256, 'n': 256, 'k': 256, 'a_base': 64, 'bt_base': 65728, 'c_base': 131392, 'a_stride': 256, 'bt_stride': 256, 'c_stride': 1024, 'mode': 0, 'watchdog': 10000000}",2026-10-04T16:15:09.000016+00:00,2026-10-04T16:15:56.225916+00:00,6a6beee39bca7ac0ded729a3b070a9de172476b84ce20dc678917e36a4e88508,062e70957fce9bf359d160b77c86e18182822fc1c3af5d9987e7c722951098fc,de93be26a0cac19df4c04a1fb5b001ec58ec88658deb024eebab397896e81efa,65119862b345ba7b210fdd804679598179961a32548148c66b2e8e2fe007822b,Uploaded in this connection; reused only within this case,"{'a': '1a42ada0867177818eca2ba934314f18f62b98f2d94f62dafcc4371679d32621', 'bt': '89967052fbe6e40c69ed4722af2814fa53d84011a85336f7e4035edc73f45374', 'c': 'af33228856e1f8755c90bd3333eb329e7050a91c50f5bd3d9ca1bda0951a194f'}",PASS,18.505016300012358,0.19191490003140643,0.5438828999758698,740943,285696,131072,32768,262144,222321,0,4224,8,32,2638998349,100000000,65536,393600,131456,27.951067899994086,0.031973599980119616,47.19188200001372,0.00740943,4.528611782552774,0.35379779551193546
1,PASS,True,57,0,28,20370707,256,256,256,"{'m': 256, 'n': 256, 'k': 256, 'a_base': 64, 'bt_base': 65728, 'c_base': 131392, 'a_stride': 256, 'bt_stride': 256, 'c_stride': 1024, 'mode': 0, 'watchdog': 10000000}",2026-10-04T16:15:56.264242+00:00,2026-10-04T16:16:43.504324+00:00,6a6beee39bca7ac0ded729a3b070a9de172476b84ce20dc678917e36a4e88508,062e70957fce9bf359d160b77c86e18182822fc1c3af5d9987e7c722951098fc,de93be26a0cac19df4c04a1fb5b001ec58ec88658deb024eebab397896e81efa,5d7a7452bb003f760c894a1a361ce8ac7af1301701ed5594bcdcb63a51e9c1a7,Uploaded in this connection; reused only within this case,"{'a': '1a42ada0867177818eca2ba934314f18f62b98f2d94f62dafcc4371679d32621', 'bt': '89967052fbe6e40c69ed4722af2814fa53d84011a85336f7e4035edc73f45374', 'c': '49503a42c8c1301bb0d4caab1c16ac7fcf2388036e1140cf5b85d7f41db3ab0b'}",PASS,18.56736650003586,0.19194369995966554,0.5439987000427209,741351,285696,131072,32768,262144,222450,0,4224,8,32,2638998349,100000000,65536,393600,131456,27.90314979996765,0.03196230001049116,47.206458700005896,0.00741351,4.526119476469311,0.3536030840991649
1,PASS,True,58,1,28,20370707,256,256,256,"{'m': 256, 'n': 256, 'k': 256, 'a_base': 64, 'bt_base': 65728, 'c_base': 131392, 'a_stride': 256, 'bt_stride': 256, 'c_stride': 1024, 'mode': 1, 'watchdog': 10000000}",2026-10-04T16:16:43.543755+00:00,2026-10-04T16:17:30.782285+00:00,6a6beee39bca7ac0ded729a3b070a9de172476b84ce20dc678917e36a4e88508,062e70957fce9bf359d160b77c86e18182822fc1c3af5d9987e7c722951098fc,de93be26a0cac19df4c04a1fb5b001ec58ec88658deb024eebab397896e81efa,5d7a7452bb003f760c894a1a361ce8ac7af1301701ed5594bcdcb63a51e9c1a7,Uploaded in this connection; reused only within this case,"{'a': '1a42ada0867177818eca2ba934314f18f62b98f2d94f62dafcc4371679d32621', 'bt': '89967052fbe6e40c69ed4722af2814fa53d84011a85336f7e4035edc73f45374', 'c': '49503a42c8c1301bb0d4caab1c16ac7fcf2388036e1140cf5b85d7f41db3ab0b'}",PASS,18.53371219994733,0.19199300004402176,0.5600178999593481,296990,285696,131072,32768,262144,3467,0,4224,8,32,2638998349,100000000,65536,393600,131456,27.91905140003655,0.031827199971303344,47.20477449998725,0.0029699,11.29816896191791,0.8826694501498367
1,PASS,True,59,1,29,20370707,256,256,256,"{'m': 256, 'n': 256, 'k': 256, 'a_base': 64, 'bt_base': 65728, 'c_base': 131392, 'a_stride': 256, 'bt_stride': 256, 'c_stride': 1024, 'mode': 1, 'watchdog': 10000000}",2026-10-04T16:17:30.818496+00:00,2026-10-04T16:18:18.125524+00:00,6a6beee39bca7ac0ded729a3b070a9de172476b84ce20dc678917e36a4e88508,062e70957fce9bf359d160b77c86e18182822fc1c3af5d9987e7c722951098fc,de93be26a0cac19df4c04a1fb5b001ec58ec88658deb024eebab397896e81efa,fbadc7acaf36240812753a56a7c13b372d58da344a6b3cd430fa24a94faeae1b,Uploaded in this connection; reused only within this case,"{'a': '1a42ada0867177818eca2ba934314f18f62b98f2d94f62dafcc4371679d32621', 'bt': '89967052fbe6e40c69ed4722af2814fa53d84011a85336f7e4035edc73f45374', 'c': 'f3bf54a07be5239c727f3d7c4f79ef6df1305d744a07c11f1be314d2f566db85'}",PASS,18.5696706000017,0.1920230999821797,0.5599449000437744,297025,285696,131072,32768,262144,3507,0,4224,8,32,2638998349,100000000,65536,393600,131456,27.952070899948012,0.03183190000709146,47.273709499975666,0.00297025,11.296837639929299,0.8825654406194765
1,PASS,True,60,0,29,20370707,256,256,256,"{'m': 256, 'n': 256, 'k': 256, 'a_base': 64, 'bt_base': 65728, 'c_base': 131392, 'a_stride': 256, 'bt_stride': 256, 'c_stride': 1024, 'mode': 0, 'watchdog': 10000000}",2026-10-04T16:18:18.162562+00:00,2026-10-04T16:19:05.451784+00:00,6a6beee39bca7ac0ded729a3b070a9de172476b84ce20dc678917e36a4e88508,062e70957fce9bf359d160b77c86e18182822fc1c3af5d9987e7c722951098fc,de93be26a0cac19df4c04a1fb5b001ec58ec88658deb024eebab397896e81efa,fbadc7acaf36240812753a56a7c13b372d58da344a6b3cd430fa24a94faeae1b,Uploaded in this connection; reused only within this case,"{'a': '1a42ada0867177818eca2ba934314f18f62b98f2d94f62dafcc4371679d32621', 'bt': '89967052fbe6e40c69ed4722af2814fa53d84011a85336f7e4035edc73f45374', 'c': 'f3bf54a07be5239c727f3d7c4f79ef6df1305d744a07c11f1be314d2f566db85'}",PASS,18.551207099983003,0.1919447000254877,0.5440101000131108,741391,285696,131072,32768,262144,222504,0,4224,8,32,2638998349,100000000,65536,393600,131456,27.966999099997338,0.03196399996522814,47.25416100001894,0.00741391,4.525875280385113,0.353584006280087
