record_kind,case_name,m,n,k,seed,repetitions,p4_job_cycles_min,p4_job_cycles_median,p4_job_cycles_max,p4_useful_gops_min,p4_useful_gops_median,p4_useful_gops_max,p4_compute_cycles_median,p4_read_beats_median,p4_write_beats_median,p4_write_valid_bytes_median,p4_input_wait_cycles_median,p4_read_stall_cycles_median,p4_write_stall_cycles_median,p8_job_cycles_min,p8_job_cycles_median,p8_job_cycles_max,p8_useful_gops_min,p8_useful_gops_median,p8_useful_gops_max,p8_compute_cycles_median,p8_read_beats_median,p8_write_beats_median,p8_write_valid_bytes_median,p8_input_wait_cycles_median,p8_read_stall_cycles_median,p8_write_stall_cycles_median,median_job_cycles_saved,median_job_speedup,repetition,input_residency,job_cycles_saved,p4_job_cycles,p4_compute_cycles,p4_read_beats,p4_write_beats,p4_write_valid_bytes,p4_input_wait_cycles,p4_read_stall_cycles,p4_write_stall_cycles,p4_useful_gops,p8_job_cycles,p8_compute_cycles,p8_read_beats,p8_write_beats,p8_write_valid_bytes,p8_input_wait_cycles,p8_read_stall_cycles,p8_write_stall_cycles,p8_useful_gops
case_summary,signed_scalar,1,1,1,20261002,3,203,204,204,0.000980392156862745,0.000980392156862745,0.0009852216748768472,12,2,1,4,149,0,2,216,217,220,0.0009090909090909091,0.0009216589861751152,0.000925925925925926,24,2,1,4,150,0,2,-13,0.9400921658986175,,,,,,,,,,,,,,,,,,,,,
case_summary,signed_extremes,1,2,256,20261003,3,919,926,928,0.1103448275862069,0.11058315334773218,0.11142546245919478,267,96,1,8,615,0,2,932,933,940,0.10893617021276596,0.1097534833869239,0.10987124463519314,279,96,1,8,610,0,2,-7,0.992497320471597,,,,,,,,,,,,,,,,,,,,,
case_summary,odd_tail,5,3,9,20261004,3,835,836,843,0.03202846975088968,0.03229665071770335,0.032335329341317366,40,16,10,60,583,0,10,823,824,828,0.03260869565217391,0.032766990291262135,0.032806804374240585,32,16,10,60,583,0,10,12,1.0145631067961165,,,,,,,,,,,,,,,,,,,,,
case_summary,column_tile_boundary,31,33,17,20261005,3,13902,13915,13940,0.24951219512195122,0.2499604743083004,0.25019421665947345,2016,285,527,4092,7050,0,124,12493,12500,12518,0.2778558875219684,0.278256,0.27841191066997517,800,285,527,4092,7052,0,124,1415,1.1132,,,,,,,,,,,,,,,,,,,,,
case_summary,multi_tile_kmax,33,35,256,20261006,3,54958,54985,54992,1.075356415478615,1.075493316359007,1.0760216892900032,21627,4352,594,4620,27974,0,134,40087,40101,40133,1.4735006104701867,1.4746764419839904,1.4751914585775938,6975,4352,594,4620,27985,0,134,14884,1.3711628138949152,,,,,,,,,,,,,,,,,,,,,
case_summary,asymmetric_k255,65,63,255,20261007,3,153692,153768,153788,1.3580058262023043,1.3581824566879976,1.3588540717799233,72352,10208,2080,16380,65750,0,268,100608,100653,100709,2.073747132828248,2.074900897141665,2.075828959923664,20016,10208,2080,16380,65797,0,268,53115,1.5277040922774283,,,,,,,,,,,,,,,,,,,,,
case_summary,resident_dense,32,32,256,20261008,30,34025,34103.0,34241,1.5311702345141789,1.5373662154379404,1.5408905216752389,17088.0,2048.0,512.0,4096.0,13187.5,0.0,66.0,21195,21281.5,21366,2.4538425535898156,2.463585744846015,2.473640009436188,4464.0,2048.0,512.0,4096.0,13172.5,0.0,66.0,12821.5,1.6024716302892184,,,,,,,,,,,,,,,,,,,,,
dense_repetition,resident_dense,32,32,256,20261008,,,,,,,,,,,,,,,,,,,,,,,,,,,,,,0,uploaded,12779,34057,17088,2048,512,4096,13156,0,66,1.5394426990046097,21278,4464,2048,512,4096,13181,0,66,2.463990976595545
dense_repetition,resident_dense,32,32,256,20261008,,,,,,,,,,,,,,,,,,,,,,,,,,,,,,1,ddr_reused,12843,34109,17088,2048,512,4096,13176,0,66,1.5370957811721246,21266,4464,2048,512,4096,13171,0,66,2.4653813599172385
dense_repetition,resident_dense,32,32,256,20261008,,,,,,,,,,,,,,,,,,,,,,,,,,,,,,2,ddr_reused,12784,34056,17088,2048,512,4096,13143,0,66,1.5394879022785999,21272,4464,2048,512,4096,13187,0,66,2.4646859721699887
dense_repetition,resident_dense,32,32,256,20261008,,,,,,,,,,,,,,,,,,,,,,,,,,,,,,3,ddr_reused,12745,34067,17088,2048,512,4096,13166,0,66,1.5389908122229723,21322,4464,2048,512,4096,13189,0,66,2.458906293968671
dense_repetition,resident_dense,32,32,256,20261008,,,,,,,,,,,,,,,,,,,,,,,,,,,,,,4,ddr_reused,12850,34112,17088,2048,512,4096,13197,0,66,1.5369606003752345,21262,4464,2048,512,4096,13149,0,66,2.4658451697864736
dense_repetition,resident_dense,32,32,256,20261008,,,,,,,,,,,,,,,,,,,,,,,,,,,,,,5,ddr_reused,12879,34161,17088,2048,512,4096,13204,0,66,1.534756008313574,21282,4464,2048,512,4096,13169,0,66,2.4635278639225637
dense_repetition,resident_dense,32,32,256,20261008,,,,,,,,,,,,,,,,,,,,,,,,,,,,,,6,ddr_reused,12945,34145,17088,2048,512,4096,13232,0,66,1.5354751793820471,21200,4464,2048,512,4096,13115,0,66,2.473056603773585
dense_repetition,resident_dense,32,32,256,20261008,,,,,,,,,,,,,,,,,,,,,,,,,,,,,,7,ddr_reused,12906,34101,17088,2048,512,4096,13200,0,66,1.5374563795783114,21195,4464,2048,512,4096,13098,0,66,2.473640009436188
dense_repetition,resident_dense,32,32,256,20261008,,,,,,,,,,,,,,,,,,,,,,,,,,,,,,8,ddr_reused,12835,34099,17088,2048,512,4096,13186,0,66,1.5375465556174668,21264,4464,2048,512,4096,13167,0,66,2.4656132430398796
dense_repetition,resident_dense,32,32,256,20261008,,,,,,,,,,,,,,,,,,,,,,,,,,,,,,9,ddr_reused,12828,34138,17088,2048,512,4096,13237,0,66,1.5357900287070128,21310,4464,2048,512,4096,13213,0,66,2.460290943219146
dense_repetition,resident_dense,32,32,256,20261008,,,,,,,,,,,,,,,,,,,,,,,,,,,,,,10,ddr_reused,12815,34096,17088,2048,512,4096,13195,0,66,1.5376818395119662,21281,4464,2048,512,4096,13168,0,66,2.463643625769466
dense_repetition,resident_dense,32,32,256,20261008,,,,,,,,,,,,,,,,,,,,,,,,,,,,,,11,ddr_reused,12840,34170,17088,2048,512,4096,13241,0,66,1.53435177055897,21330,4464,2048,512,4096,13197,0,66,2.4579840600093767
dense_repetition,resident_dense,32,32,256,20261008,,,,,,,,,,,,,,,,,,,,,,,,,,,,,,12,ddr_reused,12812,34111,17088,2048,512,4096,13198,0,66,1.537005657998886,21299,4464,2048,512,4096,13202,0,66,2.461561575660829
dense_repetition,resident_dense,32,32,256,20261008,,,,,,,,,,,,,,,,,,,,,,,,,,,,,,13,ddr_reused,12796,34130,17088,2048,512,4096,13183,0,66,1.5361500146498683,21334,4464,2048,512,4096,13201,0,66,2.4575232023999254
dense_repetition,resident_dense,32,32,256,20261008,,,,,,,,,,,,,,,,,,,,,,,,,,,,,,14,ddr_reused,12918,34154,17088,2048,512,4096,13241,0,66,1.5350705627452128,21236,4464,2048,512,4096,13139,0,66,2.468864192880015
dense_repetition,resident_dense,32,32,256,20261008,,,,,,,,,,,,,,,,,,,,,,,,,,,,,,15,ddr_reused,12757,34092,17088,2048,512,4096,13191,0,66,1.5378622550745045,21335,4464,2048,512,4096,13174,0,66,2.4574080149988284
dense_repetition,resident_dense,32,32,256,20261008,,,,,,,,,,,,,,,,,,,,,,,,,,,,,,16,ddr_reused,12814,34113,17088,2048,512,4096,13166,0,66,1.536915545393252,21299,4464,2048,512,4096,13186,0,66,2.461561575660829
dense_repetition,resident_dense,32,32,256,20261008,,,,,,,,,,,,,,,,,,,,,,,,,,,,,,17,ddr_reused,12818,34102,17088,2048,512,4096,13201,0,66,1.537411295525189,21284,4464,2048,512,4096,13171,0,66,2.4632963728622443
dense_repetition,resident_dense,32,32,256,20261008,,,,,,,,,,,,,,,,,,,,,,,,,,,,,,18,ddr_reused,12753,34054,17088,2048,512,4096,13141,0,66,1.5395783167909791,21301,4464,2048,512,4096,13168,0,66,2.4613304539692975
dense_repetition,resident_dense,32,32,256,20261008,,,,,,,,,,,,,,,,,,,,,,,,,,,,,,19,ddr_reused,12896,34162,17088,2048,512,4096,13205,0,66,1.5347110824893155,21266,4464,2048,512,4096,13171,0,66,2.4653813599172385
dense_repetition,resident_dense,32,32,256,20261008,,,,,,,,,,,,,,,,,,,,,,,,,,,,,,20,ddr_reused,12738,34104,17088,2048,512,4096,13179,0,66,1.537321135350692,21366,4464,2048,512,4096,13233,0,66,2.4538425535898156
dense_repetition,resident_dense,32,32,256,20261008,,,,,,,,,,,,,,,,,,,,,,,,,,,,,,21,ddr_reused,12710,34048,17088,2048,512,4096,13147,0,66,1.5398496240601505,21338,4464,2048,512,4096,13199,0,66,2.457062517574281
dense_repetition,resident_dense,32,32,256,20261008,,,,,,,,,,,,,,,,,,,,,,,,,,,,,,22,ddr_reused,12875,34174,17088,2048,512,4096,13185,0,66,1.5341721776789372,21299,4464,2048,512,4096,13186,0,66,2.461561575660829
dense_repetition,resident_dense,32,32,256,20261008,,,,,,,,,,,,,,,,,,,,,,,,,,,,,,23,ddr_reused,12784,34059,17088,2048,512,4096,13146,0,66,1.5393523004198597,21275,4464,2048,512,4096,13180,0,66,2.4643384253819036
dense_repetition,resident_dense,32,32,256,20261008,,,,,,,,,,,,,,,,,,,,,,,,,,,,,,24,ddr_reused,12994,34241,17088,2048,512,4096,13252,0,66,1.5311702345141789,21247,4464,2048,512,4096,13150,0,66,2.467586012142891
dense_repetition,resident_dense,32,32,256,20261008,,,,,,,,,,,,,,,,,,,,,,,,,,,,,,25,ddr_reused,12814,34102,17088,2048,512,4096,13189,0,66,1.537411295525189,21288,4464,2048,512,4096,13175,0,66,2.462833521232619
dense_repetition,resident_dense,32,32,256,20261008,,,,,,,,,,,,,,,,,,,,,,,,,,,,,,26,ddr_reused,12835,34097,17088,2048,512,4096,13184,0,66,1.5376367422353874,21262,4464,2048,512,4096,13165,0,66,2.4658451697864736
dense_repetition,resident_dense,32,32,256,20261008,,,,,,,,,,,,,,,,,,,,,,,,,,,,,,27,ddr_reused,12873,34114,17088,2048,512,4096,13201,0,66,1.5368704930527055,21241,4464,2048,512,4096,13156,0,66,2.4682830375217737
dense_repetition,resident_dense,32,32,256,20261008,,,,,,,,,,,,,,,,,,,,,,,,,,,,,,28,ddr_reused,12707,34025,17088,2048,512,4096,13106,0,66,1.5408905216752389,21318,4464,2048,512,4096,13221,0,66,2.4593676705131813
dense_repetition,resident_dense,32,32,256,20261008,,,,,,,,,,,,,,,,,,,,,,,,,,,,,,29,ddr_reused,12822,34075,17088,2048,512,4096,13160,0,66,1.5386294937637566,21253,4464,2048,512,4096,13140,0,66,2.466889380322778
