job_id,repetition,m,n,k,p,t,mode,core_hz,build_id,input_residency,packing_seconds,upload_seconds,configure_seconds,job_wall_seconds,download_seconds,validation_seconds,guard_read_check_seconds,host_inclusive_seconds,core_seconds,useful_gops,useful_utilization,compared_elements,guard_bytes_checked,passed,job_cycles,compute_cycles,read_beats,write_beats,write_valid_bytes,input_wait_cycles,read_stall_cycles,write_stall_cycles,case_index,case_name,seed,utc_recorded
19,0,32,32,256,8,32,0,100000000,745016055,uploaded,0.004813,2.8913873,0.192035,0.5435909,1.0720185,0.0285785,2.8830265,4.7038447,0.00011674,4.491074181942778,0.3508651704642796,1024,16768,True,11674,4464,2048,512,4096,3492,0,66,6,resident_dense,20261008,2026-10-04T12:10:41.540586+00:00
20,1,32,32,256,8,32,0,100000000,745016055,ddr_reused,0.0,0.0,0.0,0.5461019,1.0718851,0.0301219,2.8979935,1.617987,0.00011597,4.520893334483056,0.35319479175648877,1024,16768,True,11597,4464,2048,512,4096,3475,0,66,6,resident_dense,20261008,2026-10-04T12:10:46.100705+00:00
21,2,32,32,256,8,32,0,100000000,745016055,ddr_reused,0.0,0.0,0.0,0.5430193,1.0720633,0.0262535,2.8858292,1.6150826,0.0001157,4.531443388072601,0.354019014693172,1024,16768,True,11570,4464,2048,512,4096,3473,0,66,6,resident_dense,20261008,2026-10-04T12:10:50.644478+00:00
22,3,32,32,256,8,32,0,100000000,745016055,ddr_reused,0.0,0.0,0.0,0.5351657,1.071937,0.0317657,2.8961816,1.6071027,0.00011649,4.500712507511374,0.3516181646493261,1024,16768,True,11649,4464,2048,512,4096,3467,0,66,6,resident_dense,20261008,2026-10-04T12:10:55.204145+00:00
23,4,32,32,256,8,32,0,100000000,745016055,ddr_reused,0.0,0.0,0.0,0.5452309,1.0720689,0.0312548,2.8966456,1.6172998,0.00011555,4.537325832972739,0.35447858070099525,1024,16768,True,11555,4464,2048,512,4096,3470,0,66,6,resident_dense,20261008,2026-10-04T12:10:59.764245+00:00
24,5,32,32,256,8,32,0,100000000,745016055,ddr_reused,0.0,0.0,0.0,0.5415586,1.0727535,0.0349104,2.891898,1.6143121,0.00011644,4.5026451391274485,0.35176915149433186,1024,16768,True,11644,4464,2048,512,4096,3462,0,66,6,resident_dense,20261008,2026-10-04T12:11:04.323768+00:00
25,6,32,32,256,8,32,0,100000000,745016055,ddr_reused,0.0,0.0,0.0,0.5388467,1.0720617,0.0288118,2.8993273,1.6109084,0.00011544,4.541649341649341,0.3548163548163548,1024,16768,True,11544,4464,2048,512,4096,3450,0,66,6,resident_dense,20261008,2026-10-04T12:11:08.883988+00:00
26,7,32,32,256,8,32,0,100000000,745016055,ddr_reused,0.0,0.0,0.0,0.5413131,1.0721564,0.0296506,2.8984334,1.6134695,0.00011545,4.5412559549588565,0.35478562148116066,1024,16768,True,11545,4464,2048,512,4096,3455,0,66,6,resident_dense,20261008,2026-10-04T12:11:13.443941+00:00
27,8,32,32,256,8,32,0,100000000,745016055,ddr_reused,0.0,0.0,0.0,0.5357782,1.0722011,0.0321301,2.8793931,1.6079793,0.000116,4.519724137931034,0.35310344827586204,1024,16768,True,11600,4464,2048,512,4096,3496,0,66,6,resident_dense,20261008,2026-10-04T12:11:17.987343+00:00
28,9,32,32,256,8,32,0,100000000,745016055,ddr_reused,0.0,0.0,0.0,0.5361581,1.0724281,0.0292668,2.8983802,1.6085862,0.00011584,4.52596685082873,0.35359116022099446,1024,16768,True,11584,4464,2048,512,4096,3487,0,66,6,resident_dense,20261008,2026-10-04T12:11:22.547390+00:00
29,10,32,32,256,8,32,0,100000000,745016055,ddr_reused,0.0,0.0,0.0,0.5343164,1.0718713,0.0283064,2.8678207,1.6061877,0.00011636,4.505740804400138,0.35201100034376076,1024,16768,True,11636,4464,2048,512,4096,3487,0,66,6,resident_dense,20261008,2026-10-04T12:11:27.075280+00:00
30,11,32,32,256,8,32,0,100000000,745016055,ddr_reused,0.0,0.0,0.0,0.5403558,1.0718985,0.0289629,2.8989011,1.6122543,0.0001156,4.5353633217993075,0.3543252595155709,1024,16768,True,11560,4464,2048,512,4096,3473,0,66,6,resident_dense,20261008,2026-10-04T12:11:31.635029+00:00
31,12,32,32,256,8,32,0,100000000,745016055,ddr_reused,0.0,0.0,0.0,0.5372893,1.071805,0.0294929,2.883022,1.6090943,0.00011634,4.506515385937769,0.3520715145263882,1024,16768,True,11634,4464,2048,512,4096,3485,0,66,6,resident_dense,20261008,2026-10-04T12:11:36.179371+00:00
32,13,32,32,256,8,32,0,100000000,745016055,ddr_reused,0.0,0.0,0.0,0.5380607,1.0722529,0.0303866,2.8813866,1.6103136,0.00011583,4.52635759302426,0.3536216869550203,1024,16768,True,11583,4464,2048,512,4096,3471,0,66,6,resident_dense,20261008,2026-10-04T12:11:40.722770+00:00
33,14,32,32,256,8,32,0,100000000,745016055,ddr_reused,0.0,0.0,0.0,0.5367716,1.0720868,0.0319044,2.8802677,1.6088584,0.00011564,4.533794534763057,0.3542026980283639,1024,16768,True,11564,4464,2048,512,4096,3455,0,66,6,resident_dense,20261008,2026-10-04T12:11:45.266821+00:00
34,15,32,32,256,8,32,0,100000000,745016055,ddr_reused,0.0,0.0,0.0,0.5403996,1.0721401,0.0277016,2.8843583,1.6125397,0.00011659,4.496852217171284,0.3513165794665066,1024,16768,True,11659,4464,2048,512,4096,3488,0,66,6,resident_dense,20261008,2026-10-04T12:11:49.810666+00:00
35,16,32,32,256,8,32,0,100000000,745016055,ddr_reused,0.0,0.0,0.0,0.5357429,1.0725107,0.0305526,2.880829,1.6082536,0.00011559,4.535755688208322,0.3543559131412752,1024,16768,True,11559,4464,2048,512,4096,3448,0,66,6,resident_dense,20261008,2026-10-04T12:11:54.354191+00:00
36,17,32,32,256,8,32,0,100000000,745016055,ddr_reused,0.0,0.0,0.0,0.5418069,1.0719458,0.0319999,2.8799774,1.6137527,0.00011606,4.517387558159572,0.3529209029812166,1024,16768,True,11606,4464,2048,512,4096,3484,0,66,6,resident_dense,20261008,2026-10-04T12:11:58.898043+00:00
37,18,32,32,256,8,32,0,100000000,745016055,ddr_reused,0.0,0.0,0.0,0.5406274,1.0720334,0.030633,2.8969567,1.6126608,0.00011587,4.524795028911711,0.35349961163372745,1024,16768,True,11587,4464,2048,512,4096,3490,0,66,6,resident_dense,20261008,2026-10-04T12:12:03.457555+00:00
38,19,32,32,256,8,32,0,100000000,745016055,ddr_reused,0.0,0.0,0.0,0.5420199,1.0721038,0.0263315,2.8855509,1.6141237,0.0001158,4.5275302245250435,0.353713298791019,1024,16768,True,11580,4464,2048,512,4096,3471,0,66,6,resident_dense,20261008,2026-10-04T12:12:08.001594+00:00
39,20,32,32,256,8,32,0,100000000,745016055,ddr_reused,0.0,0.0,0.0,0.5435573,1.0718811,0.031044,2.8972378,1.6154384,0.00011598,4.520503535092257,0.3531643386790826,1024,16768,True,11598,4464,2048,512,4096,3449,0,66,6,resident_dense,20261008,2026-10-04T12:12:12.561865+00:00
40,21,32,32,256,8,32,0,100000000,745016055,ddr_reused,0.0,0.0,0.0,0.53783,1.0722369,0.0311974,2.8806259,1.6100669,0.00011576,4.529094678645474,0.3538355217691776,1024,16768,True,11576,4464,2048,512,4096,3444,0,66,6,resident_dense,20261008,2026-10-04T12:12:17.105497+00:00
41,22,32,32,256,8,32,0,100000000,745016055,ddr_reused,0.0,0.0,0.0,0.539811,1.0721339,0.0344248,2.8773469,1.6119449,0.0001156,4.5353633217993075,0.3543252595155709,1024,16768,True,11560,4464,2048,512,4096,3457,0,66,6,resident_dense,20261008,2026-10-04T12:12:21.649149+00:00
42,23,32,32,256,8,32,0,100000000,745016055,ddr_reused,0.0,0.0,0.0,0.5417111,1.0715722,0.0282957,2.8838686,1.6132833,0.00011575,4.52948596112311,0.353866090712743,1024,16768,True,11575,4464,2048,512,4096,3453,0,66,6,resident_dense,20261008,2026-10-04T12:12:26.193189+00:00
43,24,32,32,256,8,32,0,100000000,745016055,ddr_reused,0.0,0.0,0.0,0.5354673,1.0717043,0.0302315,2.882058,1.6071716,0.00011583,4.52635759302426,0.3536216869550203,1024,16768,True,11583,4464,2048,512,4096,3498,0,66,6,resident_dense,20261008,2026-10-04T12:12:30.737127+00:00
44,25,32,32,256,8,32,0,100000000,745016055,ddr_reused,0.0,0.0,0.0,0.5414324,1.0718469,0.0286369,2.8832132,1.6132793,0.00011612,4.515053393041681,0.35273854633138135,1024,16768,True,11612,4464,2048,512,4096,3482,0,66,6,resident_dense,20261008,2026-10-04T12:12:35.280630+00:00
45,26,32,32,256,8,32,0,100000000,745016055,ddr_reused,0.0,0.0,0.0,0.5413647,1.0719903,0.0316258,2.8804661,1.613355,0.0001166,4.496466552315609,0.3512864493996569,1024,16768,True,11660,4464,2048,512,4096,3489,0,66,6,resident_dense,20261008,2026-10-04T12:12:39.824783+00:00
46,27,32,32,256,8,32,0,100000000,745016055,ddr_reused,0.0,0.0,0.0,0.5429482,1.0720823,0.0292104,2.8827377,1.6150305,0.00011563,4.534186629767362,0.3542333304505751,1024,16768,True,11563,4464,2048,512,4096,3444,0,66,6,resident_dense,20261008,2026-10-04T12:12:44.368562+00:00
47,28,32,32,256,8,32,0,100000000,745016055,ddr_reused,0.0,0.0,0.0,0.5347761,1.0718644,0.0337133,2.8779538,1.6066405,0.00011601,4.519334540125851,0.3530730109473321,1024,16768,True,11601,4464,2048,512,4096,3486,0,66,6,resident_dense,20261008,2026-10-04T12:12:48.912432+00:00
48,29,32,32,256,8,32,0,100000000,745016055,ddr_reused,0.0,0.0,0.0,0.5390255,1.0720656,0.0305329,2.8812175,1.6110911,0.00011563,4.534186629767362,0.3542333304505751,1024,16768,True,11563,4464,2048,512,4096,3469,0,66,6,resident_dense,20261008,2026-10-04T12:12:53.456110+00:00
