job_id,repetition,m,n,k,p,t,core_hz,build_id,input_residency,packing_seconds,upload_seconds,configure_seconds,job_wall_seconds,download_seconds,validation_seconds,guard_read_check_seconds,host_inclusive_seconds,core_seconds,useful_gops,useful_utilization,compared_elements,guard_bytes_checked,passed,job_cycles,compute_cycles,read_beats,write_beats,write_valid_bytes,input_wait_cycles,read_stall_cycles,write_stall_cycles,case_index,case_name,seed,utc_recorded
1,0,1,1,1,4,32,100000000,1217977191,uploaded,0.0001019,0.1600581,0.1919989,0.5438508,0.0645262,0.0001771,0.1433303,0.9605359,2.03e-06,0.0009852216748768472,0.0003078817733990148,1,572,True,203,12,2,1,4,148,0,2,0,signed_scalar,20261002,2026-10-03T12:40:17.203369+00:00
2,1,1,1,1,4,32,100000000,1217977191,ddr_reused,0.0,0.0,0.0,0.5444907,0.0639806,2.16e-05,0.143996,0.6084713,2.04e-06,0.000980392156862745,0.00030637254901960784,1,572,True,204,12,2,1,4,149,0,2,0,signed_scalar,20261002,2026-10-03T12:40:17.971327+00:00
3,2,1,1,1,4,32,100000000,1217977191,ddr_reused,0.0,0.0,0.0,0.5460518,0.0639146,2.64e-05,0.1440921,0.6099664,2.04e-06,0.000980392156862745,0.00030637254901960784,1,572,True,204,12,2,1,4,149,0,2,0,signed_scalar,20261002,2026-10-03T12:40:18.739426+00:00
4,0,1,2,256,4,32,100000000,1217977191,uploaded,0.0004211,0.255678,0.192202,0.5436807,0.0640616,0.000583,0.2511388,1.0560434,9.19e-06,0.11142546245919478,0.03482045701849837,2,1208,True,919,267,96,1,8,608,0,2,1,signed_extremes,20261003,2026-10-03T12:40:20.111123+00:00
5,1,1,2,256,4,32,100000000,1217977191,ddr_reused,0.0,0.0,0.0,0.5454446,0.0639027,0.0003168,0.2237312,0.6093473,9.26e-06,0.11058315334773218,0.03455723542116631,2,1208,True,926,267,96,1,8,615,0,2,1,signed_extremes,20261003,2026-10-03T12:40:20.979332+00:00
6,2,1,2,256,4,32,100000000,1217977191,ddr_reused,0.0,0.0,0.0,0.5360227,0.0639272,0.0005497,0.2235169,0.5999499,9.28e-06,0.1103448275862069,0.034482758620689655,2,1208,True,928,267,96,1,8,617,0,2,1,signed_extremes,20261003,2026-10-03T12:40:21.827325+00:00
7,0,5,3,9,4,32,100000000,1217977191,uploaded,0.000171,0.2399006,0.1920956,0.543941,0.1921284,6.41e-05,0.2237952,1.1682366,8.36e-06,0.03229665071770335,0.010092703349282297,15,1156,True,836,40,16,10,60,583,0,10,2,odd_tail,20261004,2026-10-03T12:40:23.283259+00:00
8,1,5,3,9,4,32,100000000,1217977191,ddr_reused,0.0,0.0,0.0,0.5358947,0.1919743,7.68e-05,0.2242315,0.727869,8.43e-06,0.03202846975088968,0.010008896797153026,15,1156,True,843,40,16,10,60,590,0,10,2,odd_tail,20261004,2026-10-03T12:40:24.259465+00:00
9,2,5,3,9,4,32,100000000,1217977191,ddr_reused,0.0,0.0,0.0,0.5395753,0.1921459,7.46e-05,0.2237941,0.7317212,8.35e-06,0.032335329341317366,0.010104790419161677,15,1156,True,835,40,16,10,60,582,0,10,2,odd_tail,20261004,2026-10-03T12:40:25.235130+00:00
10,0,31,33,17,4,32,100000000,1217977191,uploaded,0.0007428,1.5031437,0.191988,0.5440442,1.0400288,0.0028137,1.4695149,3.2799475,0.00013915,0.2499604743083004,0.07811264822134387,1023,6340,True,13915,2016,285,527,4092,7047,0,124,3,column_tile_boundary,20261005,2026-10-03T12:40:30.051440+00:00
11,1,31,33,17,4,32,100000000,1217977191,ddr_reused,0.0,0.0,0.0,0.5320474,1.0407466,0.0023994,1.4688804,1.572794,0.00013902,0.25019421665947345,0.07818569270608546,1023,6340,True,13902,2016,285,527,4092,7050,0,124,3,column_tile_boundary,20261005,2026-10-03T12:40:33.122939+00:00
12,2,31,33,17,4,32,100000000,1217977191,ddr_reused,0.0,0.0,0.0,0.5378592,1.056029,0.0023012,1.4695575,1.5938882,0.0001394,0.24951219512195122,0.07797256097560976,1023,6340,True,13940,2016,285,527,4092,7072,0,124,3,column_tile_boundary,20261005,2026-10-03T12:40:36.210747+00:00
13,0,33,35,256,4,32,100000000,1217977191,uploaded,0.0055014,3.3389217,0.1914098,0.5439937,1.21598,0.0387491,3.321207,5.2958066,0.00054985,1.075493316359007,0.3360916613621897,1155,19508,True,54985,21627,4352,594,4620,28001,0,134,4,multi_tile_kmax,20261006,2026-10-03T12:40:44.946519+00:00
14,1,33,35,256,4,32,100000000,1217977191,ddr_reused,0.0,0.0,0.0,0.5371257,1.152008,0.0338234,3.3432082,1.6891337,0.00054992,1.075356415478615,0.3360488798370672,1155,19508,True,54992,21627,4352,594,4620,27974,0,134,4,multi_tile_kmax,20261006,2026-10-03T12:40:50.035441+00:00
15,2,33,35,256,4,32,100000000,1217977191,ddr_reused,0.0,0.0,0.0,0.5344059,1.1838451,0.0707662,3.3210973,1.718251,0.00054958,1.0760216892900032,0.336256777903126,1155,19508,True,54958,21627,4352,594,4620,27940,0,134,4,multi_tile_kmax,20261006,2026-10-03T12:40:55.170093+00:00
16,0,65,63,255,4,32,100000000,1217977191,uploaded,0.011839,6.8518121,0.1919699,0.5440813,4.1917789,0.1221498,6.8387504,11.7914812,0.00153692,1.3588540717799233,0.4246418974312261,4095,33412,True,153692,72352,10208,2080,16380,65708,0,268,5,asymmetric_k255,20261007,2026-10-03T12:41:14.002491+00:00
17,1,65,63,255,4,32,100000000,1217977191,ddr_reused,0.0,0.0,0.0,0.5453037,4.1921054,0.1223105,6.8372511,4.7374091,0.00153768,1.3581824566879976,0.4244320177149992,4095,33412,True,153768,72352,10208,2080,16380,65750,0,268,5,asymmetric_k255,20261007,2026-10-03T12:41:25.728930+00:00
18,2,65,63,255,4,32,100000000,1217977191,ddr_reused,0.0,0.0,0.0,0.5349502,4.1918761,0.1266798,6.8649996,4.7268263,0.00153788,1.3580058262023043,0.42437682068822014,4095,33412,True,153788,72352,10208,2080,16380,65776,0,268,5,asymmetric_k255,20261007,2026-10-03T12:41:37.472494+00:00
19,0,32,32,256,4,32,100000000,1217977191,uploaded,0.0044343,2.9075243,0.1919342,0.5600706,1.0719339,0.0345466,2.8773955,4.7358973,0.00034057,1.5394426990046097,0.4810758434389406,1024,16768,True,34057,17088,2048,512,4096,13156,0,66,6,resident_dense,20261008,2026-10-03T12:41:45.200592+00:00
20,1,32,32,256,4,32,100000000,1217977191,ddr_reused,0.0,0.0,0.0,0.5324713,1.1037047,0.0333301,2.8786765,1.636176,0.00034109,1.5370957811721246,0.480342431616289,1024,16768,True,34109,17088,2048,512,4096,13176,0,66,6,resident_dense,20261008,2026-10-03T12:41:49.776299+00:00
21,2,32,32,256,4,32,100000000,1217977191,ddr_reused,0.0,0.0,0.0,0.5342829,1.0881505,0.0338597,2.87816,1.6224334,0.00034056,1.5394879022785999,0.4810899694620625,1024,16768,True,34056,17088,2048,512,4096,13143,0,66,6,resident_dense,20261008,2026-10-03T12:41:54.336181+00:00
22,3,32,32,256,4,32,100000000,1217977191,ddr_reused,0.0,0.0,0.0,0.5326736,1.1044258,0.0318625,2.8796299,1.6370994,0.00034067,1.5389908122229723,0.48093462881967886,1024,16768,True,34067,17088,2048,512,4096,13166,0,66,6,resident_dense,20261008,2026-10-03T12:41:58.911764+00:00
23,4,32,32,256,4,32,100000000,1217977191,ddr_reused,0.0,0.0,0.0,0.535574,1.0719447,0.0421366,2.9017898,1.6075187,0.00034112,1.5369606003752345,0.4803001876172608,1024,16768,True,34112,17088,2048,512,4096,13197,0,66,6,resident_dense,20261008,2026-10-03T12:42:03.487604+00:00
24,5,32,32,256,4,32,100000000,1217977191,ddr_reused,0.0,0.0,0.0,0.5336753,1.072039,0.0333401,2.8784593,1.6057143,0.00034161,1.534756008313574,0.47961125259799187,1024,16768,True,34161,17088,2048,512,4096,13204,0,66,6,resident_dense,20261008,2026-10-03T12:42:08.031383+00:00
25,6,32,32,256,4,32,100000000,1217977191,ddr_reused,0.0,0.0,0.0,0.5466875,1.0720164,0.0344257,2.8774746,1.6187039,0.00034145,1.5354751793820471,0.4798359935568897,1024,16768,True,34145,17088,2048,512,4096,13232,0,66,6,resident_dense,20261008,2026-10-03T12:42:12.591295+00:00
26,7,32,32,256,4,32,100000000,1217977191,ddr_reused,0.0,0.0,0.0,0.5367488,1.0720143,0.0313996,2.8965518,1.6087631,0.00034101,1.5374563795783114,0.4804551186182223,1024,16768,True,34101,17088,2048,512,4096,13200,0,66,6,resident_dense,20261008,2026-10-03T12:42:17.151181+00:00
27,8,32,32,256,4,32,100000000,1217977191,ddr_reused,0.0,0.0,0.0,0.5317397,1.0721859,0.031544,2.8800766,1.6039256,0.00034099,1.5375465556174668,0.48048329863045836,1024,16768,True,34099,17088,2048,512,4096,13186,0,66,6,resident_dense,20261008,2026-10-03T12:42:21.694913+00:00
28,9,32,32,256,4,32,100000000,1217977191,ddr_reused,0.0,0.0,0.0,0.5341834,1.0722208,0.0308068,2.8809968,1.6064042,0.00034138,1.5357900287070128,0.47993438397094146,1024,16768,True,34138,17088,2048,512,4096,13237,0,66,6,resident_dense,20261008,2026-10-03T12:42:26.238843+00:00
29,10,32,32,256,4,32,100000000,1217977191,ddr_reused,0.0,0.0,0.0,0.5521056,1.1200003,0.0317895,2.8800818,1.6721059,0.00034096,1.5376818395119662,0.4805255748474894,1024,16768,True,34096,17088,2048,512,4096,13195,0,66,6,resident_dense,20261008,2026-10-03T12:42:30.846574+00:00
30,11,32,32,256,4,32,100000000,1217977191,ddr_reused,0.0,0.0,0.0,0.5362576,1.0720843,0.0322841,2.8956898,1.6083419,0.0003417,1.53435177055897,0.4794849282996781,1024,16768,True,34170,17088,2048,512,4096,13241,0,66,6,resident_dense,20261008,2026-10-03T12:42:35.406535+00:00
31,12,32,32,256,4,32,100000000,1217977191,ddr_reused,0.0,0.0,0.0,0.5355061,1.0722071,0.0297043,2.8821444,1.6077132,0.00034111,1.537005657998886,0.4803142681246519,1024,16768,True,34111,17088,2048,512,4096,13198,0,66,6,resident_dense,20261008,2026-10-03T12:42:39.950380+00:00
32,13,32,32,256,4,32,100000000,1217977191,ddr_reused,0.0,0.0,0.0,0.5357634,1.0724304,0.0320925,2.8954519,1.6081938,0.0003413,1.5361500146498683,0.4800468795780838,1024,16768,True,34130,17088,2048,512,4096,13183,0,66,6,resident_dense,20261008,2026-10-03T12:42:44.510093+00:00
33,14,32,32,256,4,32,100000000,1217977191,ddr_reused,0.0,0.0,0.0,0.53306,1.0720611,0.0324117,2.8954828,1.6051211,0.00034154,1.5350705627452128,0.47970955085787903,1024,16768,True,34154,17088,2048,512,4096,13241,0,66,6,resident_dense,20261008,2026-10-03T12:42:49.069956+00:00
34,15,32,32,256,4,32,100000000,1217977191,ddr_reused,0.0,0.0,0.0,0.5317955,1.0720079,0.0331519,2.8787656,1.6038034,0.00034092,1.5378622550745045,0.4805819547107826,1024,16768,True,34092,17088,2048,512,4096,13191,0,66,6,resident_dense,20261008,2026-10-03T12:42:53.613766+00:00
35,16,32,32,256,4,32,100000000,1217977191,ddr_reused,0.0,0.0,0.0,0.5340874,1.0880141,0.0328251,2.8790307,1.6221015,0.00034113,1.536915545393252,0.4802861079353912,1024,16768,True,34113,17088,2048,512,4096,13166,0,66,6,resident_dense,20261008,2026-10-03T12:42:58.173620+00:00
36,17,32,32,256,4,32,100000000,1217977191,ddr_reused,0.0,0.0,0.0,0.5352493,1.0713287,0.0570747,2.8867742,1.606578,0.00034102,1.537411295525189,0.4804410298516216,1024,16768,True,34102,17088,2048,512,4096,13201,0,66,6,resident_dense,20261008,2026-10-03T12:43:02.749365+00:00
37,18,32,32,256,4,32,100000000,1217977191,ddr_reused,0.0,0.0,0.0,0.5465604,1.0875248,0.0309075,2.881583,1.6340852,0.00034054,1.5395783167909791,0.48111822399718096,1024,16768,True,34054,17088,2048,512,4096,13141,0,66,6,resident_dense,20261008,2026-10-03T12:43:07.325949+00:00
38,19,32,32,256,4,32,100000000,1217977191,ddr_reused,0.0,0.0,0.0,0.5338708,1.0719788,0.0347946,2.8932012,1.6058496,0.00034162,1.5347110824893155,0.4795972132779111,1024,16768,True,34162,17088,2048,512,4096,13205,0,66,6,resident_dense,20261008,2026-10-03T12:43:11.885187+00:00
39,20,32,32,256,4,32,100000000,1217977191,ddr_reused,0.0,0.0,0.0,0.5470174,1.0720187,0.0301809,2.8817325,1.6190361,0.00034104,1.537321135350692,0.4804128547970912,1024,16768,True,34104,17088,2048,512,4096,13179,0,66,6,resident_dense,20261008,2026-10-03T12:43:16.444901+00:00
40,21,32,32,256,4,32,100000000,1217977191,ddr_reused,0.0,0.0,0.0,0.5328807,1.088026,0.030754,2.8811409,1.6209067,0.00034048,1.5398496240601505,0.48120300751879697,1024,16768,True,34048,17088,2048,512,4096,13147,0,66,6,resident_dense,20261008,2026-10-03T12:43:21.004744+00:00
41,22,32,32,256,4,32,100000000,1217977191,ddr_reused,0.0,0.0,0.0,0.5352375,1.0719417,0.034467,2.8774207,1.6071792,0.00034174,1.5341721776789372,0.4794288055246679,1024,16768,True,34174,17088,2048,512,4096,13185,0,66,6,resident_dense,20261008,2026-10-03T12:43:25.548556+00:00
42,23,32,32,256,4,32,100000000,1217977191,ddr_reused,0.0,0.0,0.0,0.5365066,1.0713593,0.0309503,2.8809214,1.6078659,0.00034059,1.5393523004198597,0.48104759388120616,1024,16768,True,34059,17088,2048,512,4096,13146,0,66,6,resident_dense,20261008,2026-10-03T12:43:30.092439+00:00
43,24,32,32,256,4,32,100000000,1217977191,ddr_reused,0.0,0.0,0.0,0.5376751,1.0722757,0.0316967,2.9120214,1.6099508,0.00034241,1.5311702345141789,0.4784906982856809,1024,16768,True,34241,17088,2048,512,4096,13252,0,66,6,resident_dense,20261008,2026-10-03T12:43:34.668279+00:00
44,25,32,32,256,4,32,100000000,1217977191,ddr_reused,0.0,0.0,0.0,0.5751591,1.0877858,0.034009,2.8777757,1.6629449,0.00034102,1.537411295525189,0.4804410298516216,1024,16768,True,34102,17088,2048,512,4096,13189,0,66,6,resident_dense,20261008,2026-10-03T12:43:39.276001+00:00
45,26,32,32,256,4,32,100000000,1217977191,ddr_reused,0.0,0.0,0.0,0.5386457,1.0719902,0.0331146,2.8787655,1.6106359,0.00034097,1.5376367422353874,0.4805114819485585,1024,16768,True,34097,17088,2048,512,4096,13184,0,66,6,resident_dense,20261008,2026-10-03T12:43:43.819936+00:00
46,27,32,32,256,4,32,100000000,1217977191,ddr_reused,0.0,0.0,0.0,0.5334804,1.0882096,0.0310685,2.8967056,1.62169,0.00034114,1.5368704930527055,0.4802720290789705,1024,16768,True,34114,17088,2048,512,4096,13201,0,66,6,resident_dense,20261008,2026-10-03T12:43:48.395778+00:00
47,28,32,32,256,4,32,100000000,1217977191,ddr_reused,0.0,0.0,0.0,0.533205,1.0719356,0.0298426,2.8821777,1.6051406,0.00034025,1.5408905216752389,0.4815282880235121,1024,16768,True,34025,17088,2048,512,4096,13106,0,66,6,resident_dense,20261008,2026-10-03T12:43:52.939699+00:00
48,29,32,32,256,4,32,100000000,1217977191,ddr_reused,0.0,0.0,0.0,0.5371252,1.0713896,0.031986,2.8962546,1.6085148,0.00034075,1.5386294937637566,0.48082171680117386,1024,16768,True,34075,17088,2048,512,4096,13160,0,66,6,resident_dense,20261008,2026-10-03T12:43:57.500059+00:00
