record_kind,case_name,m,n,k,seed,repetitions,median_job_cycle_time_read4_over_read1,median_job_cycle_time_speedup,median_useful_gops_read4_over_read1,median_job_cycles_saved,read1_job_cycles_min,read1_job_cycles_median,read1_job_cycles_max,read1_core_seconds_min,read1_core_seconds_median,read1_core_seconds_max,read1_useful_gops_min,read1_useful_gops_median,read1_useful_gops_max,read1_compute_cycles_min,read1_compute_cycles_median,read1_compute_cycles_max,read1_read_beats_min,read1_read_beats_median,read1_read_beats_max,read1_write_beats_min,read1_write_beats_median,read1_write_beats_max,read1_write_valid_bytes_min,read1_write_valid_bytes_median,read1_write_valid_bytes_max,read1_input_wait_cycles_min,read1_input_wait_cycles_median,read1_input_wait_cycles_max,read1_read_stall_cycles_min,read1_read_stall_cycles_median,read1_read_stall_cycles_max,read1_write_stall_cycles_min,read1_write_stall_cycles_median,read1_write_stall_cycles_max,read1_useful_gops_at_median_job_cycles,read4_job_cycles_min,read4_job_cycles_median,read4_job_cycles_max,read4_core_seconds_min,read4_core_seconds_median,read4_core_seconds_max,read4_useful_gops_min,read4_useful_gops_median,read4_useful_gops_max,read4_compute_cycles_min,read4_compute_cycles_median,read4_compute_cycles_max,read4_read_beats_min,read4_read_beats_median,read4_read_beats_max,read4_write_beats_min,read4_write_beats_median,read4_write_beats_max,read4_write_valid_bytes_min,read4_write_valid_bytes_median,read4_write_valid_bytes_max,read4_input_wait_cycles_min,read4_input_wait_cycles_median,read4_input_wait_cycles_max,read4_read_stall_cycles_min,read4_read_stall_cycles_median,read4_read_stall_cycles_max,read4_write_stall_cycles_min,read4_write_stall_cycles_median,read4_write_stall_cycles_max,read4_useful_gops_at_median_job_cycles,repetition,descriptive_job_cycles_saved,read1_job_id,read1_repetition,read1_m,read1_n,read1_k,read1_p,read1_t,read1_core_hz,read1_build_id,read1_input_residency,read1_packing_seconds,read1_upload_seconds,read1_configure_seconds,read1_job_wall_seconds,read1_download_seconds,read1_validation_seconds,read1_guard_read_check_seconds,read1_host_inclusive_seconds,read1_core_seconds,read1_useful_gops,read1_useful_utilization,read1_compared_elements,read1_guard_bytes_checked,read1_passed,read1_job_cycles,read1_compute_cycles,read1_read_beats,read1_write_beats,read1_write_valid_bytes,read1_input_wait_cycles,read1_read_stall_cycles,read1_write_stall_cycles,read1_case_index,read1_case_name,read1_seed,read1_utc_recorded,read4_job_id,read4_repetition,read4_m,read4_n,read4_k,read4_p,read4_t,read4_core_hz,read4_build_id,read4_input_residency,read4_packing_seconds,read4_upload_seconds,read4_configure_seconds,read4_job_wall_seconds,read4_download_seconds,read4_validation_seconds,read4_guard_read_check_seconds,read4_host_inclusive_seconds,read4_core_seconds,read4_useful_gops,read4_useful_utilization,read4_compared_elements,read4_guard_bytes_checked,read4_passed,read4_job_cycles,read4_compute_cycles,read4_read_beats,read4_write_beats,read4_write_valid_bytes,read4_input_wait_cycles,read4_read_stall_cycles,read4_write_stall_cycles,read4_case_index,read4_case_name,read4_seed,read4_utc_recorded
case_summary,signed_scalar,1,1,1,20261002,3,0.9907834101382489,1.0093023255813953,1.0093023255813953,2,216,217,220,2.16e-06,2.17e-06,2.2e-06,0.0009090909090909091,0.0009216589861751152,0.000925925925925926,24,24,24,2,2,2,1,1,1,4,4,4,149,150,153,0,0,0,2,2,2,0.0009216589861751152,214,215,220,2.14e-06,2.15e-06,2.2e-06,0.0009090909090909091,0.0009302325581395349,0.0009345794392523364,24,24,24,2,2,2,1,1,1,4,4,4,147,148,153,0,0,0,2,2,2,0.0009302325581395349,,,,,,,,,,,,,,,,,,,,,,,,,,,,,,,,,,,,,,,,,,,,,,,,,,,,,,,,,,,,,,,,,,,,,,,,,,
case_summary,signed_extremes,1,2,256,20261003,3,0.6602357984994641,1.5146103896103895,1.5146103896103897,317,932,933,940,9.32e-06,9.33e-06,9.4e-06,0.10893617021276596,0.1097534833869239,0.10987124463519314,279,279,279,96,96,96,1,1,1,8,8,8,609,610,617,0,0,0,2,2,2,0.1097534833869239,611,616,625,6.11e-06,6.16e-06,6.25e-06,0.16384,0.16623376623376623,0.16759410801963995,279,279,279,96,96,96,1,1,1,8,8,8,289,294,303,0,0,0,2,2,2,0.16623376623376623,,,,,,,,,,,,,,,,,,,,,,,,,,,,,,,,,,,,,,,,,,,,,,,,,,,,,,,,,,,,,,,,,,,,,,,,,,
case_summary,odd_tail,5,3,9,20261004,3,0.5764563106796117,1.7347368421052631,1.7347368421052631,349,823,824,828,8.23e-06,8.24e-06,8.28e-06,0.03260869565217391,0.032766990291262135,0.032806804374240585,32,32,32,16,16,16,10,10,10,60,60,60,582,583,587,0,0,0,10,10,10,0.032766990291262135,475,475,476,4.75e-06,4.75e-06,4.76e-06,0.05672268907563025,0.056842105263157895,0.056842105263157895,32,32,32,16,16,16,10,10,10,60,60,60,234,234,235,0,0,0,10,10,10,0.056842105263157895,,,,,,,,,,,,,,,,,,,,,,,,,,,,,,,,,,,,,,,,,,,,,,,,,,,,,,,,,,,,,,,,,,,,,,,,,,
case_summary,column_tile_boundary,31,33,17,20261005,3,0.58696,1.7036936077415838,1.7036936077415838,5163,12493,12500,12518,0.00012493,0.000125,0.00012518,0.2778558875219684,0.278256,0.27841191066997517,800,800,800,285,285,285,527,527,527,4092,4092,4092,7047,7052,7072,0,0,0,124,124,124,0.278256,7329,7337,7342,7.329e-05,7.337e-05,7.342e-05,0.47374012530645604,0.47406296851574214,0.4745804338927548,800,800,800,285,285,285,527,527,527,4092,4092,4092,1909,1909,1924,0,0,0,124,124,124,0.47406296851574214,,,,,,,,,,,,,,,,,,,,,,,,,,,,,,,,,,,,,,,,,,,,,,,,,,,,,,,,,,,,,,,,,,,,,,,,,,
case_summary,multi_tile_kmax,33,35,256,20261006,3,0.49255629535423057,2.030224787363305,2.030224787363305,20349,40087,40101,40133,0.00040087,0.00040101,0.00040133,1.4735006104701867,1.4746764419839904,1.4751914585775938,6975,6975,6975,4352,4352,4352,594,594,594,4620,4620,4620,27973,27985,27989,0,0,0,134,134,134,1.4746764419839904,19748,19752,19792,0.00019748,0.00019752,0.00019792,2.9878738884397738,2.993924665856622,2.9945310917561274,6975,6975,6975,4352,4352,4352,594,594,594,4620,4620,4620,7634,7645,7683,0,0,0,134,134,134,2.993924665856622,,,,,,,,,,,,,,,,,,,,,,,,,,,,,,,,,,,,,,,,,,,,,,,,,,,,,,,,,,,,,,,,,,,,,,,,,,
case_summary,asymmetric_k255,65,63,255,20261007,3,0.5203123602873237,1.921922437990491,1.921922437990491,48282,100608,100653,100709,0.00100608,0.00100653,0.00100709,2.073747132828248,2.074900897141665,2.075828959923664,20016,20016,20016,10208,10208,10208,2080,2080,2080,16380,16380,16380,65760,65797,65853,0,0,0,268,268,268,2.074900897141665,52318,52371,52411,0.00052318,0.00052371,0.00052411,3.9847551086603956,3.9877985908231652,3.9918383730264915,20016,20016,20016,10208,10208,10208,2080,2080,2080,16380,16380,16380,17500,17508,17552,0,0,0,268,268,268,3.9877985908231652,,,,,,,,,,,,,,,,,,,,,,,,,,,,,,,,,,,,,,,,,,,,,,,,,,,,,,,,,,,,,,,,,,,,,,,,,,
case_summary,resident_dense,32,32,256,20261008,30,0.5439701148885182,1.8383362847147238,1.8383362871293092,9705.0,21195,21281.5,21366,0.00021195,0.000212815,0.00021366,2.4538425535898156,2.463585744846015,2.473640009436188,4464,4464.0,4464,2048,2048.0,2048,512,512.0,512,4096,4096.0,4096,13098,13172.5,13233,0,0.0,0,66,66.0,66,2.4635857434861266,11546,11576.5,11641,0.00011546,0.000115765,0.00011641,4.503805514990121,4.528899071204917,4.540862636410878,4464,4464.0,4464,2048,2048.0,2048,512,512.0,512,4096,4096.0,4096,3442,3468.0,3510,0,0.0,0,66,66.0,66,4.528899062756446,,,,,,,,,,,,,,,,,,,,,,,,,,,,,,,,,,,,,,,,,,,,,,,,,,,,,,,,,,,,,,,,,,,,,,,,,,
dense_repetition,,,,,,,,,,,,,,,,,,,,,,,,,,,,,,,,,,,,,,,,,,,,,,,,,,,,,,,,,,,,,,,,,,,,,,,,,0,9720,19,0,32,32,256,8,32,100000000,30078492,uploaded,0.0044588,2.8914938,0.1920653,0.5451512,1.0708062,0.0302103,2.882368,4.7039753,0.00021278,2.463990976595545,0.19249929504652694,1024,16768,True,21278,4464,2048,512,4096,13181,0,66,6,resident_dense,20261008,2026-10-03T12:55:56.365016+00:00,19,0,32,32,256,8,32,100000000,3579356483,uploaded,0.0038798,2.8920913,0.191922,0.5439153,1.0721324,0.0241424,2.8716478,4.7039408,0.00011558,4.536148122512546,0.3543865720712926,1024,16768,True,11558,4464,2048,512,4096,3472,0,66,6,resident_dense,20261008,2026-10-03T19:12:07.433470+00:00
dense_repetition,,,,,,,,,,,,,,,,,,,,,,,,,,,,,,,,,,,,,,,,,,,,,,,,,,,,,,,,,,,,,,,,,,,,,,,,,1,9687,20,1,32,32,256,8,32,100000000,30078492,ddr_reused,0.0,0.0,0.0,0.535818,1.0723603,0.0304134,2.8811256,1.6081783,0.00021266,2.4653813599172385,0.19260791874353428,1024,16768,True,21266,4464,2048,512,4096,13171,0,66,6,resident_dense,20261008,2026-10-03T12:56:00.908167+00:00,20,1,32,32,256,8,32,100000000,3579356483,ddr_reused,0.0,0.0,0.0,0.5428209,1.0721427,0.0255457,2.8702105,1.6149636,0.00011579,4.527921236721651,0.35374384661887903,1024,16768,True,11579,4464,2048,512,4096,3470,0,66,6,resident_dense,20261008,2026-10-03T19:12:11.961310+00:00
dense_repetition,,,,,,,,,,,,,,,,,,,,,,,,,,,,,,,,,,,,,,,,,,,,,,,,,,,,,,,,,,,,,,,,,,,,,,,,,2,9721,21,2,32,32,256,8,32,100000000,30078492,ddr_reused,0.0,0.0,0.0,0.5354,1.0720585,0.0342173,2.8776812,1.6074585,0.00021272,2.4646859721699887,0.19255359157578036,1024,16768,True,21272,4464,2048,512,4096,13187,0,66,6,resident_dense,20261008,2026-10-03T12:56:05.452022+00:00,21,2,32,32,256,8,32,100000000,3579356483,ddr_reused,0.0,0.0,0.0,0.5444831,1.0720397,0.0254721,2.8864477,1.6165228,0.00011551,4.538897065189161,0.3546013332179032,1024,16768,True,11551,4464,2048,512,4096,3466,0,66,6,resident_dense,20261008,2026-10-03T19:12:16.505180+00:00
dense_repetition,,,,,,,,,,,,,,,,,,,,,,,,,,,,,,,,,,,,,,,,,,,,,,,,,,,,,,,,,,,,,,,,,,,,,,,,,3,9747,22,3,32,32,256,8,32,100000000,30078492,ddr_reused,0.0,0.0,0.0,0.533262,1.0719343,0.0313482,2.8806122,1.6051963,0.00021322,2.458906293968671,0.19210205421630241,1024,16768,True,21322,4464,2048,512,4096,13189,0,66,6,resident_dense,20261008,2026-10-03T12:56:09.995853+00:00,22,3,32,32,256,8,32,100000000,3579356483,ddr_reused,0.0,0.0,0.0,0.5401458,1.0721174,0.0237747,2.8720609,1.6122632,0.00011575,4.52948596112311,0.353866090712743,1024,16768,True,11575,4464,2048,512,4096,3481,0,66,6,resident_dense,20261008,2026-10-03T19:12:21.033004+00:00
dense_repetition,,,,,,,,,,,,,,,,,,,,,,,,,,,,,,,,,,,,,,,,,,,,,,,,,,,,,,,,,,,,,,,,,,,,,,,,,4,9666,23,4,32,32,256,8,32,100000000,30078492,ddr_reused,0.0,0.0,0.0,0.5361453,1.0720355,0.0310164,2.9127693,1.6081808,0.00021262,2.4658451697864736,0.19264415388956824,1024,16768,True,21262,4464,2048,512,4096,13149,0,66,6,resident_dense,20261008,2026-10-03T12:56:14.571552+00:00,23,4,32,32,256,8,32,100000000,3579356483,ddr_reused,0.0,0.0,0.0,0.5462097,1.0718615,0.0247955,2.8871757,1.6180712,0.00011596,4.521283201103828,0.3532252500862366,1024,16768,True,11596,4464,2048,512,4096,3510,0,66,6,resident_dense,20261008,2026-10-03T19:12:25.576914+00:00
dense_repetition,,,,,,,,,,,,,,,,,,,,,,,,,,,,,,,,,,,,,,,,,,,,,,,,,,,,,,,,,,,,,,,,,,,,,,,,,5,9689,24,5,32,32,256,8,32,100000000,30078492,ddr_reused,0.0,0.0,0.0,0.5370721,1.0720611,0.0327536,2.911128,1.6091332,0.00021282,2.4635278639225637,0.19246311436895028,1024,16768,True,21282,4464,2048,512,4096,13169,0,66,6,resident_dense,20261008,2026-10-03T12:56:19.147439+00:00,24,5,32,32,256,8,32,100000000,3579356483,ddr_reused,0.0,0.0,0.0,0.5437095,1.0880119,0.0245735,2.8713566,1.6317214,0.00011593,4.522453204519969,0.35331665660312256,1024,16768,True,11593,4464,2048,512,4096,3490,0,66,6,resident_dense,20261008,2026-10-03T19:12:30.120732+00:00
dense_repetition,,,,,,,,,,,,,,,,,,,,,,,,,,,,,,,,,,,,,,,,,,,,,,,,,,,,,,,,,,,,,,,,,,,,,,,,,6,9652,25,6,32,32,256,8,32,100000000,30078492,ddr_reused,0.0,0.0,0.0,0.5320319,1.072077,0.0323247,2.8795971,1.6041089,0.000212,2.473056603773585,0.1932075471698113,1024,16768,True,21200,4464,2048,512,4096,13115,0,66,6,resident_dense,20261008,2026-10-03T12:56:23.691375+00:00,25,6,32,32,256,8,32,100000000,3579356483,ddr_reused,0.0,0.0,0.0,0.5450168,1.0880549,0.024633,2.8712039,1.6330717,0.00011548,4.540076203671632,0.3546934534118462,1024,16768,True,11548,4464,2048,512,4096,3462,0,66,6,resident_dense,20261008,2026-10-03T19:12:34.664460+00:00
dense_repetition,,,,,,,,,,,,,,,,,,,,,,,,,,,,,,,,,,,,,,,,,,,,,,,,,,,,,,,,,,,,,,,,,,,,,,,,,7,9640,26,7,32,32,256,8,32,100000000,30078492,ddr_reused,0.0,0.0,0.0,0.5337518,1.0724639,0.0284741,2.882913,1.6062157,0.00021195,2.473640009436188,0.19325312573720216,1024,16768,True,21195,4464,2048,512,4096,13098,0,66,6,resident_dense,20261008,2026-10-03T12:56:28.235076+00:00,26,7,32,32,256,8,32,100000000,3579356483,ddr_reused,0.0,0.0,0.0,0.5573671,1.0720113,0.024941,2.8708767,1.6293784,0.00011555,4.537325832972739,0.35447858070099525,1024,16768,True,11555,4464,2048,512,4096,3465,0,66,6,resident_dense,20261008,2026-10-03T19:12:39.208319+00:00
dense_repetition,,,,,,,,,,,,,,,,,,,,,,,,,,,,,,,,,,,,,,,,,,,,,,,,,,,,,,,,,,,,,,,,,,,,,,,,,8,9718,27,8,32,32,256,8,32,100000000,30078492,ddr_reused,0.0,0.0,0.0,0.534049,1.0719368,0.0322205,2.8797524,1.6059858,0.00021264,2.4656132430398796,0.1926260346124906,1024,16768,True,21264,4464,2048,512,4096,13167,0,66,6,resident_dense,20261008,2026-10-03T12:56:32.779043+00:00,27,8,32,32,256,8,32,100000000,3579356483,ddr_reused,0.0,0.0,0.0,0.5461744,1.0720553,0.0243994,2.8872812,1.6182297,0.00011546,4.540862636410878,0.3547548934695999,1024,16768,True,11546,4464,2048,512,4096,3449,0,66,6,resident_dense,20261008,2026-10-03T19:12:43.752088+00:00
dense_repetition,,,,,,,,,,,,,,,,,,,,,,,,,,,,,,,,,,,,,,,,,,,,,,,,,,,,,,,,,,,,,,,,,,,,,,,,,9,9733,28,9,32,32,256,8,32,100000000,30078492,ddr_reused,0.0,0.0,0.0,0.5373447,1.0720231,0.0342436,2.8937416,1.6093678,0.0002131,2.460290943219146,0.19221022993899578,1024,16768,True,21310,4464,2048,512,4096,13213,0,66,6,resident_dense,20261008,2026-10-03T12:56:37.338955+00:00,28,9,32,32,256,8,32,100000000,3579356483,ddr_reused,0.0,0.0,0.0,0.543812,1.0719992,0.023993,2.8719345,1.6158112,0.00011577,4.52870346376436,0.35380495810659063,1024,16768,True,11577,4464,2048,512,4096,3465,0,66,6,resident_dense,20261008,2026-10-03T19:12:48.280052+00:00
dense_repetition,,,,,,,,,,,,,,,,,,,,,,,,,,,,,,,,,,,,,,,,,,,,,,,,,,,,,,,,,,,,,,,,,,,,,,,,,10,9724,29,10,32,32,256,8,32,100000000,30078492,ddr_reused,0.0,0.0,0.0,0.5339726,1.0723536,0.0310769,2.8805869,1.6063262,0.00021281,2.463643625769466,0.19247215826323952,1024,16768,True,21281,4464,2048,512,4096,13168,0,66,6,resident_dense,20261008,2026-10-03T12:56:41.882755+00:00,29,10,32,32,256,8,32,100000000,3579356483,ddr_reused,0.0,0.0,0.0,0.5450367,1.103661,0.0259513,2.8701556,1.6486977,0.00011557,4.536540624729601,0.35441723630700006,1024,16768,True,11557,4464,2048,512,4096,3467,0,66,6,resident_dense,20261008,2026-10-03T19:12:52.840012+00:00
dense_repetition,,,,,,,,,,,,,,,,,,,,,,,,,,,,,,,,,,,,,,,,,,,,,,,,,,,,,,,,,,,,,,,,,,,,,,,,,11,9727,30,11,32,32,256,8,32,100000000,30078492,ddr_reused,0.0,0.0,0.0,0.5345079,1.0720384,0.0331607,2.8786874,1.6065463,0.0002133,2.4579840600093767,0.19203000468823253,1024,16768,True,21330,4464,2048,512,4096,13197,0,66,6,resident_dense,20261008,2026-10-03T12:56:46.426489+00:00,30,11,32,32,256,8,32,100000000,3579356483,ddr_reused,0.0,0.0,0.0,0.5443568,1.0720124,0.0238483,2.8721319,1.6163692,0.00011603,4.518555545979488,0.35301215202964753,1024,16768,True,11603,4464,2048,512,4096,3469,0,66,6,resident_dense,20261008,2026-10-03T19:12:57.367856+00:00
dense_repetition,,,,,,,,,,,,,,,,,,,,,,,,,,,,,,,,,,,,,,,,,,,,,,,,,,,,,,,,,,,,,,,,,,,,,,,,,12,9713,31,12,32,32,256,8,32,100000000,30078492,ddr_reused,0.0,0.0,0.0,0.5339696,1.0717543,0.0321778,2.8958461,1.6057239,0.00021299,2.461561575660829,0.19230949809850229,1024,16768,True,21299,4464,2048,512,4096,13202,0,66,6,resident_dense,20261008,2026-10-03T12:56:50.986381+00:00,31,12,32,32,256,8,32,100000000,3579356483,ddr_reused,0.0,0.0,0.0,0.544454,1.0719863,0.0237791,2.8720391,1.6164403,0.00011586,4.525185568789919,0.3535301225617124,1024,16768,True,11586,4464,2048,512,4096,3479,0,66,6,resident_dense,20261008,2026-10-03T19:13:01.895473+00:00
dense_repetition,,,,,,,,,,,,,,,,,,,,,,,,,,,,,,,,,,,,,,,,,,,,,,,,,,,,,,,,,,,,,,,,,,,,,,,,,13,9746,32,13,32,32,256,8,32,100000000,30078492,ddr_reused,0.0,0.0,0.0,0.5330556,1.0721601,0.0305627,2.8823601,1.6052157,0.00021334,2.4575232023999254,0.19199400018749413,1024,16768,True,21334,4464,2048,512,4096,13201,0,66,6,resident_dense,20261008,2026-10-03T12:56:55.531236+00:00,32,13,32,32,256,8,32,100000000,3579356483,ddr_reused,0.0,0.0,0.0,0.5432496,1.0718692,0.0253237,2.8706149,1.6151188,0.00011588,4.524404556437695,0.35346910597169484,1024,16768,True,11588,4464,2048,512,4096,3490,0,66,6,resident_dense,20261008,2026-10-03T19:13:06.423353+00:00
dense_repetition,,,,,,,,,,,,,,,,,,,,,,,,,,,,,,,,,,,,,,,,,,,,,,,,,,,,,,,,,,,,,,,,,,,,,,,,,14,9675,33,14,32,32,256,8,32,100000000,30078492,ddr_reused,0.0,0.0,0.0,0.5468082,1.0719091,0.0336524,2.878107,1.6187173,0.00021236,2.468864192880015,0.1928800150687512,1024,16768,True,21236,4464,2048,512,4096,13139,0,66,6,resident_dense,20261008,2026-10-03T12:57:00.089921+00:00,33,14,32,32,256,8,32,100000000,3579356483,ddr_reused,0.0,0.0,0.0,0.5447699,1.0721812,0.0255155,2.8864125,1.6169511,0.00011561,4.534971023267883,0.35429461119280337,1024,16768,True,11561,4464,2048,512,4096,3442,0,66,6,resident_dense,20261008,2026-10-03T19:13:10.967372+00:00
dense_repetition,,,,,,,,,,,,,,,,,,,,,,,,,,,,,,,,,,,,,,,,,,,,,,,,,,,,,,,,,,,,,,,,,,,,,,,,,15,9757,34,15,32,32,256,8,32,100000000,30078492,ddr_reused,0.0,0.0,0.0,0.5335043,1.0722186,0.0330928,2.8947031,1.6057229,0.00021335,2.4574080149988284,0.19198500117178346,1024,16768,True,21335,4464,2048,512,4096,13174,0,66,6,resident_dense,20261008,2026-10-03T12:57:04.649901+00:00,34,15,32,32,256,8,32,100000000,3579356483,ddr_reused,0.0,0.0,0.0,0.5422046,1.0718894,0.0251483,2.8706661,1.614094,0.00011578,4.528312316462256,0.35377439972361374,1024,16768,True,11578,4464,2048,512,4096,3475,0,66,6,resident_dense,20261008,2026-10-03T19:13:15.495046+00:00
dense_repetition,,,,,,,,,,,,,,,,,,,,,,,,,,,,,,,,,,,,,,,,,,,,,,,,,,,,,,,,,,,,,,,,,,,,,,,,,16,9732,35,16,32,32,256,8,32,100000000,30078492,ddr_reused,0.0,0.0,0.0,0.5340959,1.0719773,0.032061,2.8798942,1.6060732,0.00021299,2.461561575660829,0.19230949809850229,1024,16768,True,21299,4464,2048,512,4096,13186,0,66,6,resident_dense,20261008,2026-10-03T12:57:09.193716+00:00,35,16,32,32,256,8,32,100000000,3579356483,ddr_reused,0.0,0.0,0.0,0.5426733,1.0878925,0.0242239,2.8717473,1.6305658,0.00011567,4.532618656522867,0.35411083254084896,1024,16768,True,11567,4464,2048,512,4096,3445,0,66,6,resident_dense,20261008,2026-10-03T19:13:20.038983+00:00
dense_repetition,,,,,,,,,,,,,,,,,,,,,,,,,,,,,,,,,,,,,,,,,,,,,,,,,,,,,,,,,,,,,,,,,,,,,,,,,17,9720,36,17,32,32,256,8,32,100000000,30078492,ddr_reused,0.0,0.0,0.0,0.5339715,1.0720314,0.0335305,2.894454,1.6060029,0.00021284,2.4632963728622443,0.1924450291298628,1024,16768,True,21284,4464,2048,512,4096,13171,0,66,6,resident_dense,20261008,2026-10-03T12:57:13.753624+00:00,36,17,32,32,256,8,32,100000000,3579356483,ddr_reused,0.0,0.0,0.0,0.5438041,1.0880846,0.0243181,2.8715448,1.6318887,0.00011564,4.533794534763057,0.3542026980283639,1024,16768,True,11564,4464,2048,512,4096,3478,0,66,6,resident_dense,20261008,2026-10-03T19:13:24.582739+00:00
dense_repetition,,,,,,,,,,,,,,,,,,,,,,,,,,,,,,,,,,,,,,,,,,,,,,,,,,,,,,,,,,,,,,,,,,,,,,,,,18,9660,37,18,32,32,256,8,32,100000000,30078492,ddr_reused,0.0,0.0,0.0,0.5346039,1.0876883,0.0338985,2.8941659,1.6222922,0.00021301,2.4613304539692975,0.19229144171635135,1024,16768,True,21301,4464,2048,512,4096,13168,0,66,6,resident_dense,20261008,2026-10-03T12:57:18.329542+00:00,37,18,32,32,256,8,32,100000000,3579356483,ddr_reused,0.0,0.0,0.0,0.5604905,1.0722253,0.0255129,2.8701472,1.6327158,0.00011641,4.503805514990121,0.3518598058586032,1024,16768,True,11641,4464,2048,512,4096,3461,0,66,6,resident_dense,20261008,2026-10-03T19:13:29.126544+00:00
dense_repetition,,,,,,,,,,,,,,,,,,,,,,,,,,,,,,,,,,,,,,,,,,,,,,,,,,,,,,,,,,,,,,,,,,,,,,,,,19,9707,38,19,32,32,256,8,32,100000000,30078492,ddr_reused,0.0,0.0,0.0,0.53584,1.1032598,0.0330338,2.8802233,1.6390998,0.00021266,2.4653813599172385,0.19260791874353428,1024,16768,True,21266,4464,2048,512,4096,13171,0,66,6,resident_dense,20261008,2026-10-03T12:57:22.906564+00:00,38,19,32,32,256,8,32,100000000,3579356483,ddr_reused,0.0,0.0,0.0,0.5447045,1.0718064,0.0266675,2.8851602,1.6165109,0.00011559,4.535755688208322,0.3543559131412752,1024,16768,True,11559,4464,2048,512,4096,3465,0,66,6,resident_dense,20261008,2026-10-03T19:13:33.670466+00:00
dense_repetition,,,,,,,,,,,,,,,,,,,,,,,,,,,,,,,,,,,,,,,,,,,,,,,,,,,,,,,,,,,,,,,,,,,,,,,,,20,9802,39,20,32,32,256,8,32,100000000,30078492,ddr_reused,0.0,0.0,0.0,0.5332723,1.0878221,0.0357242,2.8763252,1.6210944,0.00021366,2.4538425535898156,0.19170644949920435,1024,16768,True,21366,4464,2048,512,4096,13233,0,66,6,resident_dense,20261008,2026-10-03T12:57:27.465246+00:00,39,20,32,32,256,8,32,100000000,3579356483,ddr_reused,0.0,0.0,0.0,0.5429701,1.071978,0.0249987,2.8709527,1.6149481,0.00011564,4.533794534763057,0.3542026980283639,1024,16768,True,11564,4464,2048,512,4096,3453,0,66,6,resident_dense,20261008,2026-10-03T19:13:38.198216+00:00
dense_repetition,,,,,,,,,,,,,,,,,,,,,,,,,,,,,,,,,,,,,,,,,,,,,,,,,,,,,,,,,,,,,,,,,,,,,,,,,21,9733,40,21,32,32,256,8,32,100000000,30078492,ddr_reused,0.0,0.0,0.0,0.5420748,1.0722963,0.0346591,2.8769715,1.6143711,0.00021338,2.457062517574281,0.19195800918549066,1024,16768,True,21338,4464,2048,512,4096,13199,0,66,6,resident_dense,20261008,2026-10-03T12:57:32.024813+00:00,40,21,32,32,256,8,32,100000000,3579356483,ddr_reused,0.0,0.0,0.0,0.5446359,1.0720897,0.0233542,2.8884176,1.6167256,0.00011605,4.517776820336063,0.35295131408875485,1024,16768,True,11605,4464,2048,512,4096,3456,0,66,6,resident_dense,20261008,2026-10-03T19:13:42.742020+00:00
dense_repetition,,,,,,,,,,,,,,,,,,,,,,,,,,,,,,,,,,,,,,,,,,,,,,,,,,,,,,,,,,,,,,,,,,,,,,,,,22,9723,41,22,32,32,256,8,32,100000000,30078492,ddr_reused,0.0,0.0,0.0,0.5344782,1.136272,0.031853,2.8797729,1.6707502,0.00021299,2.461561575660829,0.19230949809850229,1024,16768,True,21299,4464,2048,512,4096,13186,0,66,6,resident_dense,20261008,2026-10-03T12:57:36.632624+00:00,41,22,32,32,256,8,32,100000000,3579356483,ddr_reused,0.0,0.0,0.0,0.5449535,1.0721208,0.0247897,2.8710913,1.6170743,0.00011576,4.529094678645474,0.3538355217691776,1024,16768,True,11576,4464,2048,512,4096,3491,0,66,6,resident_dense,20261008,2026-10-03T19:13:47.269949+00:00
dense_repetition,,,,,,,,,,,,,,,,,,,,,,,,,,,,,,,,,,,,,,,,,,,,,,,,,,,,,,,,,,,,,,,,,,,,,,,,,23,9720,42,23,32,32,256,8,32,100000000,30078492,ddr_reused,0.0,0.0,0.0,0.5461885,1.0723369,0.0324927,2.8791003,1.6185254,0.00021275,2.4643384253819036,0.19252643948296122,1024,16768,True,21275,4464,2048,512,4096,13180,0,66,6,resident_dense,20261008,2026-10-03T12:57:41.192447+00:00,42,23,32,32,256,8,32,100000000,3579356483,ddr_reused,0.0,0.0,0.0,0.5441224,1.0721625,0.0252841,2.8865209,1.6162849,0.00011555,4.537325832972739,0.35447858070099525,1024,16768,True,11555,4464,2048,512,4096,3458,0,66,6,resident_dense,20261008,2026-10-03T19:13:51.813808+00:00
dense_repetition,,,,,,,,,,,,,,,,,,,,,,,,,,,,,,,,,,,,,,,,,,,,,,,,,,,,,,,,,,,,,,,,,,,,,,,,,24,9639,43,24,32,32,256,8,32,100000000,30078492,ddr_reused,0.0,0.0,0.0,0.535803,1.0719457,0.0314627,2.9299936,1.6077487,0.00021247,2.467586012142891,0.19278015719866334,1024,16768,True,21247,4464,2048,512,4096,13150,0,66,6,resident_dense,20261008,2026-10-03T12:57:45.785881+00:00,43,24,32,32,256,8,32,100000000,3579356483,ddr_reused,0.0,0.0,0.0,0.5443882,1.0718451,0.0249047,2.8709975,1.6162333,0.00011608,4.516609235010338,0.35286009648518263,1024,16768,True,11608,4464,2048,512,4096,3459,0,66,6,resident_dense,20261008,2026-10-03T19:13:56.341570+00:00
dense_repetition,,,,,,,,,,,,,,,,,,,,,,,,,,,,,,,,,,,,,,,,,,,,,,,,,,,,,,,,,,,,,,,,,,,,,,,,,25,9696,44,25,32,32,256,8,32,100000000,30078492,ddr_reused,0.0,0.0,0.0,0.5446886,1.0720355,0.0342799,2.8776297,1.6167241,0.00021288,2.462833521232619,0.19240886884629838,1024,16768,True,21288,4464,2048,512,4096,13175,0,66,6,resident_dense,20261008,2026-10-03T12:57:50.376113+00:00,44,25,32,32,256,8,32,100000000,3579356483,ddr_reused,0.0,0.0,0.0,0.5445334,1.072009,0.0245782,2.8715872,1.6165424,0.00011592,4.522843340234645,0.3533471359558316,1024,16768,True,11592,4464,2048,512,4096,3455,0,66,6,resident_dense,20261008,2026-10-03T19:14:00.869651+00:00
dense_repetition,,,,,,,,,,,,,,,,,,,,,,,,,,,,,,,,,,,,,,,,,,,,,,,,,,,,,,,,,,,,,,,,,,,,,,,,,26,9662,45,26,32,32,256,8,32,100000000,30078492,ddr_reused,0.0,0.0,0.0,0.5463194,1.0719557,0.0335295,2.8943625,1.6182751,0.00021262,2.4658451697864736,0.19264415388956824,1024,16768,True,21262,4464,2048,512,4096,13165,0,66,6,resident_dense,20261008,2026-10-03T12:57:54.951983+00:00,45,26,32,32,256,8,32,100000000,3579356483,ddr_reused,0.0,0.0,0.0,0.5384171,1.0722755,0.0252265,2.8706389,1.6106926,0.000116,4.519724137931034,0.35310344827586204,1024,16768,True,11600,4464,2048,512,4096,3490,0,66,6,resident_dense,20261008,2026-10-03T19:14:05.397424+00:00
dense_repetition,,,,,,,,,,,,,,,,,,,,,,,,,,,,,,,,,,,,,,,,,,,,,,,,,,,,,,,,,,,,,,,,,,,,,,,,,27,9657,46,27,32,32,256,8,32,100000000,30078492,ddr_reused,0.0,0.0,0.0,0.5459964,1.0719306,0.0312063,2.8807577,1.617927,0.00021241,2.4682830375217737,0.1928346123063886,1024,16768,True,21241,4464,2048,512,4096,13156,0,66,6,resident_dense,20261008,2026-10-03T12:57:59.511856+00:00,46,27,32,32,256,8,32,100000000,3579356483,ddr_reused,0.0,0.0,0.0,0.5391499,1.0719959,0.024026,2.8718381,1.6111458,0.00011584,4.52596685082873,0.35359116022099446,1024,16768,True,11584,4464,2048,512,4096,3477,0,66,6,resident_dense,20261008,2026-10-03T19:14:09.925058+00:00
dense_repetition,,,,,,,,,,,,,,,,,,,,,,,,,,,,,,,,,,,,,,,,,,,,,,,,,,,,,,,,,,,,,,,,,,,,,,,,,28,9727,47,28,32,32,256,8,32,100000000,30078492,ddr_reused,0.0,0.0,0.0,0.5325383,1.0719227,0.0333652,2.878688,1.604461,0.00021318,2.4593676705131813,0.1921380992588423,1024,16768,True,21318,4464,2048,512,4096,13221,0,66,6,resident_dense,20261008,2026-10-03T12:58:04.055972+00:00,47,28,32,32,256,8,32,100000000,3579356483,ddr_reused,0.0,0.0,0.0,0.5444876,1.0719062,0.024819,2.8712324,1.6163938,0.00011591,4.523233543266327,0.35337762056768185,1024,16768,True,11591,4464,2048,512,4096,3505,0,66,6,resident_dense,20261008,2026-10-03T19:14:14.453071+00:00
dense_repetition,,,,,,,,,,,,,,,,,,,,,,,,,,,,,,,,,,,,,,,,,,,,,,,,,,,,,,,,,,,,,,,,,,,,,,,,,29,9690,48,29,32,32,256,8,32,100000000,30078492,ddr_reused,0.0,0.0,0.0,0.5335637,1.0726405,0.0316971,2.8796005,1.6062042,0.00021253,2.466889380322778,0.19272573283771702,1024,16768,True,21253,4464,2048,512,4096,13140,0,66,6,resident_dense,20261008,2026-10-03T12:58:08.599528+00:00,48,29,32,32,256,8,32,100000000,3579356483,ddr_reused,0.0,0.0,0.0,0.5429271,1.0723266,0.0257156,2.8857857,1.6152537,0.00011563,4.534186629767362,0.3542333304505751,1024,16768,True,11563,4464,2048,512,4096,3473,0,66,6,resident_dense,20261008,2026-10-03T19:14:18.996721+00:00
