job_id,pair,position,mode,passed,stage,utc_started,directory,c_before_sha256_bytes,c_prepare_seconds,configure_seconds,job_wall_seconds,job_cycles,compute_cycles,read_beats,write_beats,write_valid_bytes,input_wait_cycles,read_stall_cycles,write_stall_cycles,output_read_seconds,allocation_read_seconds,validation_seconds,utc_finished,compared_elements,allocation_bytes_checked,input_allocation_and_guard_bytes_checked,input_padding_and_guard_bytes_checked,c_padding_and_guard_bytes_checked,core_seconds,useful_gops,useful_utilization,resident_host_seconds
1,0,0,0,True,PASS,2026-10-04T12:16:41.776930+00:00,job_001_mode0,b3df0c697409506eefa24dd7ac10caf70d324d6c01cd49a19427af741121cda9,2.8209671,0.1839506,0.5360441,46145,17856,8192,2048,16384,13784,0,260,4.1138898,8.5012,0.0003482,2026-10-04T12:16:57.996648+00:00,4096,61824,41216,8448,4224,0.00046145,4.544700400910174,0.3550547188211074,16.1560516
2,0,1,1,True,PASS,2026-10-04T12:16:57.999667+00:00,job_002_mode1,b3df0c697409506eefa24dd7ac10caf70d324d6c01cd49a19427af741121cda9,2.835455,0.1801099,0.5374719,25180,17856,8192,2048,16384,3462,0,260,4.1148386,8.5014316,0.0002762,2026-10-04T12:17:14.235284+00:00,4096,61824,41216,8448,4224,0.0002518,8.328641779189834,0.6506751389992057,16.169307
3,1,0,1,True,PASS,2026-10-04T12:17:14.240527+00:00,job_003_mode1,5f891ec9759471f40da70acfff8bdef846c7cd53e2edebd955d69c9dd223d16e,2.8354737,0.1949525,0.5356615,25104,17856,8192,2048,16384,3417,0,260,4.1137582,8.5331692,0.0002732,2026-10-04T12:17:30.515675+00:00,4096,61824,41216,8448,4224,0.00025104,8.353855959209687,0.6526449968132568,16.2130151
4,1,1,0,True,PASS,2026-10-04T12:17:30.518886+00:00,job_004_mode0,5f891ec9759471f40da70acfff8bdef846c7cd53e2edebd955d69c9dd223d16e,2.8277527,0.1835653,0.5364654,46168,17856,8192,2048,16384,13778,0,260,4.1006172,8.5029694,0.0002846,2026-10-04T12:17:46.723962+00:00,4096,61824,41216,8448,4224,0.00046168,4.542436319528678,0.35487783746317797,16.15137
5,2,0,0,True,PASS,2026-10-04T12:17:46.727453+00:00,job_005_mode0,9562bcd53f745b0da4891a2a934d4de6ce3ee50e92c269ee8497ff5717af46bc,2.8437534,0.1840215,0.5364944,46130,17856,8192,2048,16384,13722,0,260,4.1007483,8.5044689,0.0002637,2026-10-04T12:18:02.947636+00:00,4096,61824,41216,8448,4224,0.0004613,4.546178192065901,0.3551701712551485,16.1694865
6,2,1,1,True,PASS,2026-10-04T12:18:02.950977+00:00,job_006_mode1,9562bcd53f745b0da4891a2a934d4de6ce3ee50e92c269ee8497ff5717af46bc,2.8276356,0.1837787,0.5361893,25124,17856,8192,2048,16384,3439,0,260,4.1180534,8.4900883,0.0002584,2026-10-04T12:18:19.155904+00:00,4096,61824,41216,8448,4224,0.00025124,8.34720585893966,0.6521254577296609,16.1557453
7,3,0,1,True,PASS,2026-10-04T12:18:19.158968+00:00,job_007_mode1,1b02fd35585ad5c9559fee1303858f01cc3ed4ba1ec0f8c7efef6bf2deea8c5e,2.826789,0.1847907,0.5362919,25108,17856,8192,2048,16384,3420,0,260,4.1011246,8.4896261,0.0002446,2026-10-04T12:18:35.345906+00:00,4096,61824,41216,8448,4224,0.00025108,8.35252509160427,0.6525410227815835,16.1386223
8,3,1,0,True,PASS,2026-10-04T12:18:35.349142+00:00,job_008_mode0,1b02fd35585ad5c9559fee1303858f01cc3ed4ba1ec0f8c7efef6bf2deea8c5e,2.8283827,0.1853171,0.5364056,46190,17856,8192,2048,16384,13793,0,260,4.0998726,8.48844,0.0002831,2026-10-04T12:18:51.538270+00:00,4096,61824,41216,8448,4224,0.0004619,4.540272786317384,0.35470881143104566,16.138418
9,4,0,0,True,PASS,2026-10-04T12:18:51.541781+00:00,job_009_mode0,7169f6a5f417a56ea4c7fcf390296594fc265afc8085a810e80296103b0631e5,2.8258533,0.1835159,0.5365786,46163,17856,8192,2048,16384,13771,0,260,4.1153215,8.4879327,0.0002513,2026-10-04T12:19:07.745996+00:00,4096,61824,41216,8448,4224,0.00046163,4.542928319216689,0.3549162749388038,16.149202
10,4,1,1,True,PASS,2026-10-04T12:19:07.749448+00:00,job_010_mode1,7169f6a5f417a56ea4c7fcf390296594fc265afc8085a810e80296103b0631e5,2.8262774,0.1851064,0.5355194,25131,17856,8192,2048,16384,3434,0,260,4.1009547,8.5034175,0.0002701,2026-10-04T12:19:23.952816+00:00,4096,61824,41216,8448,4224,0.00025131,8.344880824479725,0.6519438144124786,16.1512754
11,5,0,1,True,PASS,2026-10-04T12:19:23.957405+00:00,job_011_mode1,3e9b33bd6fb6c4af77c613c40231db7eef9894fa7f3ca530450dbe9eaeb71d70,2.8415718,0.1851972,0.5371772,25117,17856,8192,2048,16384,3431,0,260,4.0994795,8.5031893,0.0002641,2026-10-04T12:19:40.175487+00:00,4096,61824,41216,8448,4224,0.00025117,8.349532189353823,0.6523072022932676,16.166615
12,5,1,0,True,PASS,2026-10-04T12:19:40.179039+00:00,job_012_mode0,3e9b33bd6fb6c4af77c613c40231db7eef9894fa7f3ca530450dbe9eaeb71d70,2.8276851,0.1843912,0.5360668,46320,17856,8192,2048,16384,13867,0,260,4.1014855,8.4881868,0.0002756,2026-10-04T12:19:56.368550+00:00,4096,61824,41216,8448,4224,0.0004632,4.5275302245250435,0.353713298791019,16.1378154
13,6,0,0,True,PASS,2026-10-04T12:19:56.371914+00:00,job_013_mode0,88ec0cd6d070a5fb89cf600fe18ad1d57db7f0e2f59aea838c1551e2995d4e1d,2.8262559,0.1844152,0.5368324,46130,17856,8192,2048,16384,13779,0,260,4.1015456,8.4870512,0.0002736,2026-10-04T12:20:12.559204+00:00,4096,61824,41216,8448,4224,0.0004613,4.546178192065901,0.3551701712551485,16.1361003
14,6,1,1,True,PASS,2026-10-04T12:20:12.562912+00:00,job_014_mode1,88ec0cd6d070a5fb89cf600fe18ad1d57db7f0e2f59aea838c1551e2995d4e1d,2.826463,0.1843118,0.5359085,25151,17856,8192,2048,16384,3434,0,260,4.0995513,8.4877434,0.0003033,2026-10-04T12:20:28.752284+00:00,4096,61824,41216,8448,4224,0.00025151,8.3382450001988,0.6514253906405312,16.133978
15,7,0,1,True,PASS,2026-10-04T12:20:28.755685+00:00,job_015_mode1,9506b38e834248137480aa308f58161f136222a42391ecb2938f5b200ebb9974,2.8253953,0.1842633,0.5363296,25129,17856,8192,2048,16384,3440,0,260,4.1007625,8.4872346,0.0002601,2026-10-04T12:20:44.941845+00:00,4096,61824,41216,8448,4224,0.00025129,8.34554498786263,0.6519957021767678,16.1339853
16,7,1,0,True,PASS,2026-10-04T12:20:44.945506+00:00,job_016_mode0,9506b38e834248137480aa308f58161f136222a42391ecb2938f5b200ebb9974,2.8586359,0.1845026,0.5373427,46135,17856,8192,2048,16384,13725,0,260,4.1000488,8.5034396,0.0004001,2026-10-04T12:21:01.186808+00:00,4096,61824,41216,8448,4224,0.00046135,4.545685488241031,0.3551316787688306,16.1839696
17,8,0,0,True,PASS,2026-10-04T12:21:01.190981+00:00,job_017_mode0,5458f0c20114febfc4ca7ff0ae543d2c896e62cc96a9b498391f9a21eab8979d,2.8513983,0.1839257,0.535558,46151,17856,8192,2048,16384,13737,0,260,4.1001012,8.5033269,0.0002532,2026-10-04T12:21:17.421641+00:00,4096,61824,41216,8448,4224,0.00046151,4.544109553422461,0.35500855886112975,16.1743101
18,8,1,1,True,PASS,2026-10-04T12:21:17.425219+00:00,job_018_mode1,5458f0c20114febfc4ca7ff0ae543d2c896e62cc96a9b498391f9a21eab8979d,2.8260219,0.1838621,0.5346428,25129,17856,8192,2048,16384,3432,0,260,4.1006416,8.6230864,0.0003559,2026-10-04T12:21:33.809738+00:00,4096,61824,41216,8448,4224,0.00025129,8.34554498786263,0.6519957021767678,16.2682548
19,9,0,1,True,PASS,2026-10-04T12:21:33.827732+00:00,job_019_mode1,e1e1d6b62327cd89625593d99480a703bfb0e1c4614af9b2bd7db8c0f01a9165,2.8578689,0.1955691,0.5339312,25151,17856,8192,2048,16384,3434,0,260,4.1116928,8.5346836,0.0003122,2026-10-04T12:21:50.149220+00:00,4096,61824,41216,8448,4224,0.00025151,8.3382450001988,0.6514253906405312,16.2337456
20,9,1,0,True,PASS,2026-10-04T12:21:50.153438+00:00,job_020_mode0,e1e1d6b62327cd89625593d99480a703bfb0e1c4614af9b2bd7db8c0f01a9165,2.8392169,0.1836417,0.535952,46197,17856,8192,2048,16384,13798,0,260,4.1150274,8.5029709,0.0002973,2026-10-04T12:22:06.388443+00:00,4096,61824,41216,8448,4224,0.00046197,4.5395848215252075,0.3546550641816568,16.176808899999997
21,10,0,0,True,PASS,2026-10-04T12:22:06.392417+00:00,job_021_mode0,b99db1b38154f919e4eda57e161d4b3faffbc0f44f2a6d142bb4df7eafafb659,2.82356,0.184065,0.5345468,46110,17856,8192,2048,16384,13753,0,260,4.1143017,8.4860109,0.0002715,2026-10-04T12:22:22.598741+00:00,4096,61824,41216,8448,4224,0.0004611,4.548150075905443,0.35532422468011277,16.1424844
22,10,1,1,True,PASS,2026-10-04T12:22:22.602845+00:00,job_022_mode1,b99db1b38154f919e4eda57e161d4b3faffbc0f44f2a6d142bb4df7eafafb659,2.8211155,0.1836873,0.5356797,25095,17856,8192,2048,16384,3407,0,260,4.1475041,8.5027696,0.0002832,2026-10-04T12:22:38.852772+00:00,4096,61824,41216,8448,4224,0.00025095,8.35685196254234,0.6528790595736202,16.1907562
23,11,0,1,True,PASS,2026-10-04T12:22:38.859949+00:00,job_023_mode1,cd83f2b29701eefd57aa7b21c2c798c6ed37f553b1c8ced5dfa314fe872cae4f,2.8307413,0.1822071,0.5345849,25144,17856,8192,2048,16384,3427,0,260,4.1122376,8.486253,0.0002715,2026-10-04T12:22:55.074071+00:00,4096,61824,41216,8448,4224,0.00025144,8.340566337893732,0.6516067451479478,16.1460239
24,11,1,0,True,PASS,2026-10-04T12:22:55.078668+00:00,job_024_mode0,cd83f2b29701eefd57aa7b21c2c798c6ed37f553b1c8ced5dfa314fe872cae4f,2.8224992,0.1833613,0.5353019,46157,17856,8192,2048,16384,13814,0,260,4.1310313,8.4865714,0.0003218,2026-10-04T12:23:11.298617+00:00,4096,61824,41216,8448,4224,0.00046157,4.543518859544598,0.3549624109019217,16.1587651
25,12,0,0,True,PASS,2026-10-04T12:23:11.302817+00:00,job_025_mode0,ead042b936970126353f34044c0434a6af15d358d12d7248765b75a8fc06d021,2.8226376,0.1835945,0.5356413,46113,17856,8192,2048,16384,13785,0,260,4.1148817,8.4879751,0.0004787,2026-10-04T12:23:27.518142+00:00,4096,61824,41216,8448,4224,0.00046113,4.547854184286426,0.3553011081473771,16.1447302
26,12,1,1,True,PASS,2026-10-04T12:23:27.524185+00:00,job_026_mode1,ead042b936970126353f34044c0434a6af15d358d12d7248765b75a8fc06d021,2.8247313,0.1832971,0.5359516,25107,17856,8192,2048,16384,3428,0,260,4.1143136,8.4870175,0.0002984,2026-10-04T12:23:43.730678+00:00,4096,61824,41216,8448,4224,0.00025107,8.35285776874975,0.6525670131835744,16.1453111
27,13,0,1,True,PASS,2026-10-04T12:23:43.734662+00:00,job_027_mode1,126e2faf87af67fac93f4b792e51ac0e674b947210738f122314896b17a0c238,2.8219417,0.181085,0.5353694,25149,17856,8192,2048,16384,3432,0,260,4.1138568,8.5035473,0.0002987,2026-10-04T12:23:59.951902+00:00,4096,61824,41216,8448,4224,0.00025149,8.338908107678238,0.6514771959123623,16.155800199999998
28,13,1,0,True,PASS,2026-10-04T12:23:59.955745+00:00,job_028_mode0,126e2faf87af67fac93f4b792e51ac0e674b947210738f122314896b17a0c238,2.8239481,0.1830504,0.5353635,46107,17856,8192,2048,16384,13752,0,260,4.1300735,8.501767,0.0002856,2026-10-04T12:24:16.192680+00:00,4096,61824,41216,8448,4224,0.00046107,4.548446006029454,0.355347344221051,16.1742025
29,14,0,0,True,PASS,2026-10-04T12:24:16.196674+00:00,job_029_mode0,a9b308ca60bc369cca4f04d4dd26cad51b1536353e585c35d291f3afcf5c721b,2.8227695,0.182935,0.5334769,46166,17856,8192,2048,16384,13753,0,260,4.1137613,8.4866719,0.0003116,2026-10-04T12:24:32.402167+00:00,4096,61824,41216,8448,4224,0.00046166,4.542633106615258,0.354893211454317,16.139614599999998
30,14,1,1,True,PASS,2026-10-04T12:24:32.406397+00:00,job_030_mode1,a9b308ca60bc369cca4f04d4dd26cad51b1536353e585c35d291f3afcf5c721b,2.8205469,0.1818401,0.5340332,25108,17856,8192,2048,16384,3429,0,260,4.1057604,8.4841592,0.0002797,2026-10-04T12:24:48.607002+00:00,4096,61824,41216,8448,4224,0.00025108,8.35252509160427,0.6525410227815835,16.1263398
31,15,0,1,True,PASS,2026-10-04T12:24:48.613487+00:00,job_031_mode1,5513af2482c00a32cddedb69f11e9ce0ad84521a3139d142f3d78b2cc65f967e,2.8344799,0.1820013,0.5319102,25128,17856,8192,2048,16384,3439,0,260,4.1131017,8.4983151,0.0003976,2026-10-04T12:25:04.857757+00:00,4096,61824,41216,8448,4224,0.00025128,8.345877109200892,0.6520216491563197,16.159808199999997
32,15,1,0,True,PASS,2026-10-04T12:25:04.864758+00:00,job_032_mode0,5513af2482c00a32cddedb69f11e9ce0ad84521a3139d142f3d78b2cc65f967e,2.8218365,0.1936714,0.5320547,46165,17856,8192,2048,16384,13812,0,260,4.1059681,8.5547553,0.0003833,2026-10-04T12:25:21.175319+00:00,4096,61824,41216,8448,4224,0.00046165,4.542731506552583,0.35490089894942056,16.208286
33,16,0,0,True,PASS,2026-10-04T12:25:21.183093+00:00,job_033_mode0,9f7db4bd8c04741efd32def7cb46a79509699f6c12bc0a9e761cb7adf275efe8,2.8360286,0.1950548,0.5439858,46179,17856,8192,2048,16384,13787,0,260,4.102017,8.4860077,0.0002928,2026-10-04T12:25:37.444991+00:00,4096,61824,41216,8448,4224,0.00046179,4.541354295242426,0.3547933043158146,16.1630939
34,16,1,1,True,PASS,2026-10-04T12:25:37.449424+00:00,job_034_mode1,9f7db4bd8c04741efd32def7cb46a79509699f6c12bc0a9e761cb7adf275efe8,2.8591734,0.1918456,0.571671,25149,17856,8192,2048,16384,3452,0,260,4.1016584,8.4979163,0.0004787,2026-10-04T12:25:53.784448+00:00,4096,61824,41216,8448,4224,0.00025149,8.338908107678238,0.6514771959123623,16.2222647
35,17,0,1,True,PASS,2026-10-04T12:25:53.791956+00:00,job_035_mode1,edba142492cd88582e40d0ac7799f12d534acf4fb46778db65ce20f1b4a0ea5a,2.834712,0.1951965,0.5453498,25094,17856,8192,2048,16384,3409,0,260,4.111198,8.4919722,0.0004051,2026-10-04T12:26:10.067494+00:00,4096,61824,41216,8448,4224,0.00025094,8.357184984458437,0.6529050769108153,16.1784285
36,17,1,0,True,PASS,2026-10-04T12:26:10.075477+00:00,job_036_mode0,edba142492cd88582e40d0ac7799f12d534acf4fb46778db65ce20f1b4a0ea5a,2.8244334,0.1821887,0.5472143,46181,17856,8192,2048,16384,13799,0,260,4.107569,8.4997795,0.0002848,2026-10-04T12:26:26.319160+00:00,4096,61824,41216,8448,4224,0.00046181,4.541157618934194,0.3547779389792339,16.161184900000002
37,18,0,0,True,PASS,2026-10-04T12:26:26.327606+00:00,job_037_mode0,8aa756508dc7bf64c7e39d4df57a6690a176f071ca908b42728cd3153c8e4d33,2.8290496,0.1952641,0.5480363,46164,17856,8192,2048,16384,13809,0,260,4.115548,8.4968801,0.0002586,2026-10-04T12:26:42.609009+00:00,4096,61824,41216,8448,4224,0.00046164,4.5428299107529675,0.3549085867775756,16.1847781
38,18,1,1,True,PASS,2026-10-04T12:26:42.615639+00:00,job_038_mode1,8aa756508dc7bf64c7e39d4df57a6690a176f071ca908b42728cd3153c8e4d33,2.8270978,0.1815283,0.5454947,25142,17856,8192,2048,16384,3447,0,260,4.1058787,8.4843325,0.0007869,2026-10-04T12:26:58.844753+00:00,4096,61824,41216,8448,4224,0.00025142,8.341229814652772,0.6516585792697478,16.144332000000002
39,19,0,1,True,PASS,2026-10-04T12:26:58.848873+00:00,job_039_mode1,b2052e358d93f7d67e214349333944639cf48cedc27feaf67a3eb5de41bebdfd,2.8315651,0.1944615,0.5319668,25138,17856,8192,2048,16384,3422,0,260,4.1093885,8.497844,0.0003168,2026-10-04T12:27:15.102896+00:00,4096,61824,41216,8448,4224,0.00025138,8.3425570848914,0.6517622722571406,16.1652259
40,19,1,0,True,PASS,2026-10-04T12:27:15.108783+00:00,job_040_mode0,b2052e358d93f7d67e214349333944639cf48cedc27feaf67a3eb5de41bebdfd,2.8257337,0.1925643,0.5461667,46151,17856,8192,2048,16384,13773,0,260,4.1055528,8.4859732,0.0003522,2026-10-04T12:27:31.364773+00:00,4096,61824,41216,8448,4224,0.00046151,4.544109553422461,0.35500855886112975,16.1559907
41,20,0,0,True,PASS,2026-10-04T12:27:31.371749+00:00,job_041_mode0,9c61ff4d0fa9d752716a879eeaf03903a6bfde230aa581ce8d0d4d13ccd6c72d,2.8352992,0.1957458,0.5429885,46120,17856,8192,2048,16384,13712,0,260,4.1120309,8.4992181,0.0002653,2026-10-04T12:27:47.648603+00:00,4096,61824,41216,8448,4224,0.0004612,4.547163920208153,0.3552471812662619,16.1852825
42,20,1,1,True,PASS,2026-10-04T12:27:47.655803+00:00,job_042_mode1,9c61ff4d0fa9d752716a879eeaf03903a6bfde230aa581ce8d0d4d13ccd6c72d,2.8229057,0.1804225,0.5461285,25123,17856,8192,2048,16384,3428,0,260,4.1086771,8.4847379,0.000289,2026-10-04T12:28:03.887462+00:00,4096,61824,41216,8448,4224,0.00025123,8.347538112486566,0.652151415038013,16.1428717
43,21,0,1,True,PASS,2026-10-04T12:28:03.893025+00:00,job_043_mode1,fcdf140b608cf13cdaba39f5dfb760dda710eb188356a4bbf7c2e7d417e306f2,2.8263017,0.1943832,0.5449627,25135,17856,8192,2048,16384,3418,0,260,4.1105367,8.5011175,0.0003979,2026-10-04T12:28:20.162071+00:00,4096,61824,41216,8448,4224,0.00025135,8.343552814800079,0.6518400636562562,16.1773018
44,21,1,0,True,PASS,2026-10-04T12:28:20.170133+00:00,job_044_mode0,fcdf140b608cf13cdaba39f5dfb760dda710eb188356a4bbf7c2e7d417e306f2,2.8198417,0.1812991,0.542651,46180,17856,8192,2048,16384,13769,0,260,4.1031289,8.5109414,0.0002828,2026-10-04T12:28:36.433370+00:00,4096,61824,41216,8448,4224,0.0004618,4.5412559549588565,0.35478562148116066,16.1578621
45,22,0,0,True,PASS,2026-10-04T12:28:36.442106+00:00,job_045_mode0,848a7ec0b84ba7af39282a06e579cdd9b8d70bb048bd033571c387dae2183778,2.8202472,0.1906538,0.5466304,46172,17856,8192,2048,16384,13762,0,260,4.0999705,8.5102595,0.0002619,2026-10-04T12:28:52.720304+00:00,4096,61824,41216,8448,4224,0.00046172,4.542042796500043,0.3548470934765659,16.1677614
46,22,1,1,True,PASS,2026-10-04T12:28:52.726656+00:00,job_046_mode1,848a7ec0b84ba7af39282a06e579cdd9b8d70bb048bd033571c387dae2183778,2.8238755,0.1802634,0.5469975,25162,17856,8192,2048,16384,3447,0,260,4.1089812,8.4940104,0.0002589,2026-10-04T12:29:08.968039+00:00,4096,61824,41216,8448,4224,0.00025162,8.334599793339162,0.651140608854622,16.154128
47,23,0,1,True,PASS,2026-10-04T12:29:08.974098+00:00,job_047_mode1,36e94b67d2bb9424f66c556b5ad4dbd5fe0c7c546e9e761bf44fbf74722573c3,2.8302009,0.1800863,0.531512,25106,17856,8192,2048,16384,3427,0,260,4.1081612,8.5030212,0.0004265,2026-10-04T12:29:25.246007+00:00,4096,61824,41216,8448,4224,0.00025106,8.353190472397037,0.6525930056560185,16.1529816
48,23,1,0,True,PASS,2026-10-04T12:29:25.257299+00:00,job_048_mode0,36e94b67d2bb9424f66c556b5ad4dbd5fe0c7c546e9e761bf44fbf74722573c3,2.8300217,0.1924939,0.5426595,46318,17856,8192,2048,16384,13865,0,260,4.1067514,8.4985564,0.0003465,2026-10-04T12:29:41.539207+00:00,4096,61824,41216,8448,4224,0.00046318,4.527725722181441,0.3537285720454251,16.1704829
49,24,0,0,True,PASS,2026-10-04T12:29:41.546822+00:00,job_049_mode0,815a4486c053d4adfec44bf9fce1ebd55964bb5419b530e5d7894e64a26d6616,2.831681,0.1923644,0.5425716,46131,17856,8192,2048,16384,13753,0,260,4.1084361,8.4948023,0.0003584,2026-10-04T12:29:57.821721+00:00,4096,61824,41216,8448,4224,0.00046131,4.546079642756498,0.3551624720903514,16.1698554
50,24,1,1,True,PASS,2026-10-04T12:29:57.830010+00:00,job_050_mode1,815a4486c053d4adfec44bf9fce1ebd55964bb5419b530e5d7894e64a26d6616,2.8196935,0.1921998,0.5465423,25171,17856,8192,2048,16384,3435,0,260,4.1061964,8.4954027,0.0003866,2026-10-04T12:30:14.092612+00:00,4096,61824,41216,8448,4224,0.00025171,8.331619721107623,0.6509077907115332,16.1600347
51,25,0,1,True,PASS,2026-10-04T12:30:14.100331+00:00,job_051_mode1,f3ec6ef4b2cb7dc25d6f29e960c31f8080fa7929625afa3567389d6df148fc7a,2.8209087,0.1932577,0.5461233,25134,17856,8192,2048,16384,3417,0,260,4.1070205,8.5010539,0.0004027,2026-10-04T12:30:30.368334+00:00,4096,61824,41216,8448,4224,0.00025134,8.343884777592105,0.6518659982493833,16.1683641
52,25,1,0,True,PASS,2026-10-04T12:30:30.376538+00:00,job_052_mode0,f3ec6ef4b2cb7dc25d6f29e960c31f8080fa7929625afa3567389d6df148fc7a,2.8195047,0.1929865,0.544865,46160,17856,8192,2048,16384,13806,0,260,4.1121091,8.4975971,0.0002915,2026-10-04T12:30:46.632213+00:00,4096,61824,41216,8448,4224,0.0004616,4.543223570190642,0.35493934142114386,16.1670624
53,26,0,0,True,PASS,2026-10-04T12:30:46.637080+00:00,job_053_mode0,f32dabd5a05b637cd86364d6910cf76bdaa06bcd2fa73c075efd1ab6931d9044,2.827718,0.1805244,0.545767,46238,17856,8192,2048,16384,13830,0,260,4.1012971,8.5311685,0.0003593,2026-10-04T12:31:02.925641+00:00,4096,61824,41216,8448,4224,0.00046238,4.535559496518016,0.35434058566546994,16.186474999999998
54,26,1,1,True,PASS,2026-10-04T12:31:02.934357+00:00,job_054_mode1,f32dabd5a05b637cd86364d6910cf76bdaa06bcd2fa73c075efd1ab6931d9044,2.8344328,0.1934901,0.532001,25159,17856,8192,2048,16384,3454,0,260,4.1056859,8.501017,0.000437,2026-10-04T12:31:19.195080+00:00,4096,61824,41216,8448,4224,0.00025159,8.335593624547876,0.6512182519178028,16.1666268
55,27,0,1,True,PASS,2026-10-04T12:31:19.200722+00:00,job_055_mode1,aa3e3276923415b11ea17d941da21e317e35a49650d4bcc451b96afc250bf89e,2.8223093,0.1938247,0.5416803,25135,17856,8192,2048,16384,3440,0,260,4.1023452,8.498617,0.0002592,2026-10-04T12:31:35.460136+00:00,4096,61824,41216,8448,4224,0.00025135,8.343552814800079,0.6518400636562562,16.1587765
56,27,1,0,True,PASS,2026-10-04T12:31:35.466431+00:00,job_056_mode0,aa3e3276923415b11ea17d941da21e317e35a49650d4bcc451b96afc250bf89e,2.8303334,0.1953892,0.541297,46187,17856,8192,2048,16384,13803,0,260,4.1078961,8.4859688,0.0004659,2026-10-04T12:31:51.722054+00:00,4096,61824,41216,8448,4224,0.00046187,4.540567692207763,0.35473185095373155,16.1608845
57,28,0,0,True,PASS,2026-10-04T12:31:51.730251+00:00,job_057_mode0,1f0561ab4b9f0ddcbcd12e2f7b2623271675f2de9503cf4bf042b71b212edcc1,2.8337608,0.1900505,0.5319115,46083,17856,8192,2048,16384,13752,0,260,4.1005146,8.4847149,0.0003517,2026-10-04T12:32:07.980043+00:00,4096,61824,41216,8448,4224,0.00046083,4.550814834103683,0.3555324089143502,16.140952300000002
58,28,1,1,True,PASS,2026-10-04T12:32:07.990271+00:00,job_058_mode1,1f0561ab4b9f0ddcbcd12e2f7b2623271675f2de9503cf4bf042b71b212edcc1,2.8301637,0.1953145,0.5404838,25108,17856,8192,2048,16384,3415,0,260,4.1078962,8.4942772,0.0003074,2026-10-04T12:32:24.262165+00:00,4096,61824,41216,8448,4224,0.00025108,8.35252509160427,0.6525410227815835,16.1681354
59,29,0,1,True,PASS,2026-10-04T12:32:24.269957+00:00,job_059_mode1,372ea09589b05e2f47df1b5e09c9d50264735b3bdfe7f4778ed382a81a6a6063,2.8211093,0.1917737,0.5468167,25123,17856,8192,2048,16384,3428,0,260,4.1046592,8.4923518,0.0003653,2026-10-04T12:32:40.533641+00:00,4096,61824,41216,8448,4224,0.00025123,8.347538112486566,0.652151415038013,16.1567107
60,29,1,0,True,PASS,2026-10-04T12:32:40.543225+00:00,job_060_mode0,372ea09589b05e2f47df1b5e09c9d50264735b3bdfe7f4778ed382a81a6a6063,2.8215347,0.1928071,0.5451583,46222,17856,8192,2048,16384,13835,0,260,4.1043963,8.4950469,0.0002908,2026-10-04T12:32:56.805503+00:00,4096,61824,41216,8448,4224,0.00046222,4.537129505430315,0.35446324261174333,16.1589433
