p,t,model,name,m,n,k,before_job_cycles,after_job_cycles,saved_cycles,write_beats,before_c_store,after_c_store,compute_cycles,read_beats,write_valid_bytes,read_bursts,write_bursts,result
4,8,unstalled,dense,32,32,256,41548,41036,512,512,3917,3405,17088,8192,4096,528,128,PASS
4,8,unstalled,odd,5,3,9,240,230,10,10,92,82,40,16,60,8,5,PASS
4,8,unstalled,multi_tile,33,35,256,53611,53017,594,594,4676,4082,21627,10880,4620,700,165,PASS
4,8,unstalled,asymmetric,65,63,255,175594,173514,2080,2080,15957,13877,72352,34784,16380,2242,520,PASS
4,8,latency,dense,32,32,256,46540,46028,512,512,4685,4173,17088,8192,4096,528,128,PASS
4,8,latency,odd,5,3,9,334,324,10,10,122,112,40,16,60,8,5,PASS
4,8,latency,multi_tile,33,35,256,60201,59607,594,594,5666,5072,21627,10880,4620,700,165,PASS
4,8,latency,asymmetric,65,63,255,196650,194570,2080,2080,19077,16997,72352,34784,16380,2242,520,PASS
4,32,unstalled,dense,32,32,256,25648,25136,512,512,3272,2760,17088,2048,4096,132,33,PASS
4,32,unstalled,odd,5,3,9,240,230,10,10,92,82,40,16,60,8,5,PASS
4,32,unstalled,multi_tile,33,35,256,36649,36055,594,594,3983,3389,21627,4352,4620,280,67,PASS
4,32,unstalled,asymmetric,65,63,255,111850,109770,2080,2080,13311,11231,72352,10208,16380,658,134,PASS
4,32,latency,dense,32,32,256,26902,26390,512,512,3470,2958,17088,2048,4096,132,33,PASS
4,32,latency,odd,5,3,9,334,324,10,10,122,112,40,16,60,8,5,PASS
4,32,latency,multi_tile,33,35,256,39291,38697,594,594,4385,3791,21627,4352,4620,280,67,PASS
4,32,latency,asymmetric,65,63,255,117918,115838,2080,2080,14115,12035,72352,10208,16380,658,134,PASS
