p,t,model,name,m,n,k,job_cycles,compute_cycles,read_beats,write_beats,write_valid_bytes,input_wait_cycles,read_stall_cycles,write_stall_cycles,phase_a_load,phase_bt_load,phase_compute,phase_c_store,phase_retire,read_bursts,write_bursts
4,8,unstalled,dense,32,32,256,41036,17088,8192,512,4096,20240,0,0,10120,10120,17376,3405,15,528,128
4,8,unstalled,odd,5,3,9,230,40,16,10,60,98,0,0,60,38,50,82,0,8,5
4,8,unstalled,multi_tile,33,35,256,53017,21627,10880,594,4620,26910,0,0,13065,13845,22001,4082,24,700,165
4,8,unstalled,asymmetric,65,63,255,173514,72352,34784,2080,16380,85982,0,0,41144,44838,73584,13877,71,2242,520
4,8,latency,dense,32,32,256,46028,17088,8192,512,4096,24464,0,0,12232,12232,17376,4173,15,528,128
4,8,latency,odd,5,3,9,324,40,16,10,60,162,0,0,100,62,50,112,0,8,5
4,8,latency,multi_tile,33,35,256,59607,21627,10880,594,4620,32510,0,0,15785,16725,22001,5072,24,700,165
4,8,latency,asymmetric,65,63,255,194570,72352,34784,2080,16380,103918,0,0,49720,54198,73584,16997,71,2242,520
4,32,unstalled,dense,32,32,256,25136,17088,2048,512,4096,5030,0,0,2515,2515,17346,2760,0,132,33
4,32,unstalled,odd,5,3,9,230,40,16,10,60,98,0,0,60,38,50,82,0,8,5
4,32,unstalled,multi_tile,33,35,256,36055,21627,4352,594,4620,10704,0,0,5196,5508,21959,3389,3,280,67
4,32,unstalled,asymmetric,65,63,255,109770,72352,10208,2080,16380,25082,0,0,10226,14856,73452,11231,5,658,134
4,32,latency,dense,32,32,256,26390,17088,2048,512,4096,6086,0,0,3043,3043,17346,2958,0,132,33
4,32,latency,odd,5,3,9,324,40,16,10,60,162,0,0,100,62,50,112,0,8,5
4,32,latency,multi_tile,33,35,256,38697,21627,4352,594,4620,12944,0,0,6284,6660,21959,3791,3,280,67
4,32,latency,asymmetric,65,63,255,115838,72352,10208,2080,16380,30346,0,0,12370,17976,73452,12035,5,658,134
