case_index,m,n,k,series,label,mode,tile,samples,build_id,bitstream_sha256,job_cycles_minimum,job_cycles_median,job_cycles_maximum,compute_cycles_minimum,compute_cycles_median,compute_cycles_maximum,read_beats_minimum,read_beats_median,read_beats_maximum,write_beats_minimum,write_beats_median,write_beats_maximum,write_valid_bytes_minimum,write_valid_bytes_median,write_valid_bytes_maximum,input_wait_cycles_minimum,input_wait_cycles_median,input_wait_cycles_maximum,read_stall_cycles_minimum,read_stall_cycles_median,read_stall_cycles_maximum,write_stall_cycles_minimum,write_stall_cycles_median,write_stall_cycles_maximum,core_seconds_minimum,core_seconds_median,core_seconds_maximum,useful_gops_minimum,useful_gops_median,useful_gops_maximum,useful_utilization_minimum,useful_utilization_median,useful_utilization_maximum,resident_host_seconds_minimum,resident_host_seconds_median,resident_host_seconds_maximum,c_initialize_seconds_minimum,c_initialize_seconds_median,c_initialize_seconds_maximum,configure_seconds_minimum,configure_seconds_median,configure_seconds_maximum,job_wall_seconds_minimum,job_wall_seconds_median,job_wall_seconds_maximum,allocation_download_seconds_minimum,allocation_download_seconds_median,allocation_download_seconds_maximum,validation_seconds_minimum,validation_seconds_median,validation_seconds_maximum,accepted_axi_beat_bytes_minimum,accepted_axi_beat_bytes_median,accepted_axi_beat_bytes_maximum,read_plus_useful_write_bytes_minimum,read_plus_useful_write_bytes_median,read_plus_useful_write_bytes_maximum
0,32,32,16,A,"T8, serial",0,8,30,4007112977,21845beeb677bc8c0445231646cefb6e3633bdcf58a2d8c0566bcceaf44d6f37,12545,12560.0,12583,624,624.0,624,512,512.0,512,512,512.0,512,4096,4096.0,4096,5276,5302.5,5314,0,0.0,0,256,256.0,256,0.00012545,0.0001256,0.00012583,0.26041484542636895,0.2608917197452229,0.2612036667995217,0.020344909798935072,0.02038216560509554,0.020406536468712634,1.7135848000179976,1.7260641499888152,1.7441227000090294,0.28925720002735034,0.3021531499980483,0.3042608999530785,0.19174159999238327,0.19201105000684038,0.19253519998164847,0.5434450000175275,0.5439835000142921,0.5599490000167862,0.6878682000096887,0.6880216999852564,0.6883473999914713,0.03165489999810234,0.03195400000549853,0.03230160003295168,8192,8192.0,8192,8192,8192.0,8192
0,32,32,16,B,"T32, serial",0,32,30,2638998349,d187f51bac37c3682641243f1db112579ad14c8ac45a1b3df52e704bf58c8327,5447,5470.0,5499,624,624.0,624,128,128.0,128,512,512.0,512,4096,4096.0,4096,1194,1195.0,1222,0,0.0,0,66,66.0,66,5.447e-05,5.47e-05,5.499e-05,0.5958901618476087,0.5990500809067546,0.6015788507435286,0.046553918894344425,0.046800787570840205,0.04699834771433817,1.7129402999999002,1.7207490000291727,1.7284491999889724,0.2889230999862775,0.2965810500027146,0.3044866000418551,0.1915850000223145,0.19203590002143756,0.19235680002020672,0.5436851999838836,0.5439408000092953,0.5446576999966055,0.6876882999786176,0.6880086500023026,0.6887855000095442,0.03108399995835498,0.03194670003722422,0.03222739999182522,5120,5120.0,5120,5120,5120.0,5120
0,32,32,16,C,"T32, overlap",1,32,30,2638998349,d187f51bac37c3682641243f1db112579ad14c8ac45a1b3df52e704bf58c8327,5440,5459.0,5546,624,624.0,624,128,128.0,128,512,512.0,512,4096,4096.0,4096,1194,1195.0,1222,0,0.0,0,66,66.0,66,5.44e-05,5.459e-05,5.546e-05,0.5908402452217815,0.6002564572265983,0.6023529411764706,0.04615939415795168,0.04689503572082799,0.047058823529411764,1.7131958000245504,1.7216918500198517,1.7286331000505015,0.2891341000213288,0.2977287500107195,0.3046444000210613,0.19160399999236688,0.19194819999393076,0.19250190001912415,0.5433336999849416,0.544002000009641,0.544228800048586,0.687688399979379,0.688051950011868,0.6884298999793828,0.03164700005436316,0.03192170002148487,0.03224099997896701,5120,5120.0,5120,5120,5120.0,5120
1,32,32,64,A,"T8, serial",0,8,30,4007112977,21845beeb677bc8c0445231646cefb6e3633bdcf58a2d8c0566bcceaf44d6f37,14738,14776.0,14820,1392,1392.0,1392,2048,2048.0,2048,512,512.0,512,4096,4096.0,4096,6695,6738.0,6790,0,0.0,0,256,256.0,256,0.00014738,0.00014775999999999998,0.0001482,0.8844264507422402,0.887060113707051,0.8893472655719907,0.06909581646423751,0.06930157138336336,0.06948025512281178,1.712837600032799,1.7258945500070695,1.7424198999651708,0.2887143000261858,0.30185655000968836,0.30463050003163517,0.1918199000065215,0.19200619999901392,0.20894390001194552,0.5429958999739029,0.543965949997073,0.5442655000369996,0.6877910999464802,0.6880730999691878,0.6883831000304781,0.031600399990566075,0.03194230000372045,0.032139700022526085,20480,20480.0,20480,20480,20480.0,20480
1,32,32,64,B,"T32, serial",0,32,30,2638998349,d187f51bac37c3682641243f1db112579ad14c8ac45a1b3df52e704bf58c8327,6442,6490.5,6524,1392,1392.0,1392,512,512.0,512,512,512.0,512,4096,4096.0,4096,1422,1448.0,1474,0,0.0,0,66,66.0,66,6.442e-05,6.4905e-05,6.524e-05,2.00907418761496,2.01944391033995,2.0346476249611922,0.15695892090741875,0.15776905549530856,0.15895684570009314,1.71517679997487,1.723600749974139,1.7287115000071935,0.2911918999743648,0.299499199987622,0.3047190000070259,0.19174579996615648,0.19200424998416565,0.19229939999058843,0.5436006999807432,0.5439911499852315,0.5442964000394568,0.6876762000028975,0.6880481500120368,0.6882955000037327,0.031782399979420006,0.03188980001141317,0.032092200010083616,8192,8192.0,8192,8192,8192.0,8192
1,32,32,64,C,"T32, overlap",1,32,30,2638998349,d187f51bac37c3682641243f1db112579ad14c8ac45a1b3df52e704bf58c8327,6459,6495.0,6541,1392,1392.0,1392,512,512.0,512,512,512.0,512,4096,4096.0,4096,1433,1449.0,1473,0,0.0,0,66,66.0,66,6.459e-05,6.495e-05,6.541e-05,2.003852621923253,2.018044841082336,2.0292924601331475,0.15655098608775417,0.1576597532095575,0.15853847344790215,1.7139333999948576,1.722498999995878,1.7285659000044689,0.28994330001296476,0.2986864500271622,0.30455280002206564,0.1913437000475824,0.19198340000002645,0.19254159997217357,0.5437011999893002,0.5439825500070583,0.5445554999751039,0.6873943000100553,0.6880039500247221,0.688579400011804,0.0313183999969624,0.03192595002474263,0.03238460002467036,8192,8192.0,8192,8192,8192.0,8192
2,32,32,256,A,"T8, serial",0,8,30,4007112977,21845beeb677bc8c0445231646cefb6e3633bdcf58a2d8c0566bcceaf44d6f37,26465,26546.0,26657,4464,4464.0,4464,8192,8192.0,8192,512,512.0,512,4096,4096.0,4096,15374,15451.5,15576,0,0.0,0,256,256.0,256,0.00026465,0.00026546,0.00026657,1.9667929624488878,1.9750169517064717,1.9810617797090497,0.15365570019131936,0.15429819935206812,0.1547704515397695,2.5850279000005685,2.5898729999607895,2.6042883000336587,0.28899179998552427,0.3015042499755509,0.30397459998494014,0.19162900000810623,0.19196769999689423,0.20798539998941123,0.5410429000039585,0.5439894500013907,0.544249199971091,1.5515918000019155,1.5519637999823317,1.5680285000125878,0.03174900001613423,0.032001999992644414,0.03225569997448474,69632,69632.0,69632,69632,69632.0,69632
2,32,32,256,B,"T32, serial",0,32,30,2638998349,d187f51bac37c3682641243f1db112579ad14c8ac45a1b3df52e704bf58c8327,11552,11569.0,11674,4464,4464.0,4464,2048,2048.0,2048,512,512.0,512,4096,4096.0,4096,3433,3466.0,3494,0,0.0,0,66,66.0,66,0.00011552,0.00011569,0.00011674,4.491074181942778,4.531835076497536,4.538504155124654,0.3508651704642796,0.35404961535137003,0.3545706371191136,2.580930600001011,2.5852265500288922,2.615639999974519,0.2930639999685809,0.29725925001548603,0.3037358000292443,0.1916031000437215,0.19195900001795962,0.19233400002121925,0.5436115000047721,0.5440107000176795,0.544346000009682,1.5515121999778785,1.5520032000204083,1.5838059000088833,0.03147540002828464,0.03195394997601397,0.03239050001138821,20480,20480.0,20480,20480,20480.0,20480
2,32,32,256,C,"T32, overlap",1,32,30,2638998349,d187f51bac37c3682641243f1db112579ad14c8ac45a1b3df52e704bf58c8327,11535,11584.0,11633,4464,4464.0,4464,2048,2048.0,2048,512,512.0,512,4096,4096.0,4096,3440,3477.5,3503,0,0.0,0,66,66.0,66,0.00011535,0.00011584,0.00011633,4.506902776583857,4.525966884557016,4.545192891200693,0.35210177942061377,0.3535911628560168,0.3550931946250542,2.5789522999548353,2.5856527500145603,2.5915138999698684,0.2910442999564111,0.29769959999248385,0.3030000000144355,0.1917130000074394,0.19203630002448335,0.1923897000378929,0.5436395999859087,0.5439887500251643,0.5444156000157818,1.5514214999857359,1.5519883999950252,1.552432999946177,0.03161130001535639,0.03194619997520931,0.03246219997527078,20480,20480.0,20480,20480,20480.0,20480
3,64,64,16,A,"T8, serial",0,8,30,4007112977,21845beeb677bc8c0445231646cefb6e3633bdcf58a2d8c0566bcceaf44d6f37,50243,50275.0,50333,2496,2496.0,2496,2048,2048.0,2048,2048,2048.0,2048,16384,16384.0,16384,21188,21223.0,21252,0,0.0,0,1024,1024.0,1024,0.00050243,0.0005027499999999999,0.00050333,0.26040967158722905,0.2607100948929433,0.26087614195012243,0.02034450559275227,0.020367976163511194,0.02038094858985331,3.7341300999978557,3.7416249999951106,3.7596150999888778,1.1583296000026166,1.1657179000030737,1.1835651999572292,0.19167219998780638,0.19199749999097548,0.19225429999642074,0.5437096999958158,0.5439897000032943,0.5600561999599449,1.8395263000275008,1.8399939000082668,1.8405041999649256,0.03148070001043379,0.03196160000516102,0.03233169997110963,32768,32768.0,32768,32768,32768.0,32768
3,64,64,16,B,"T32, serial",0,32,30,2638998349,d187f51bac37c3682641243f1db112579ad14c8ac45a1b3df52e704bf58c8327,21828,21910.5,22014,2496,2496.0,2496,512,512.0,512,2048,2048.0,2048,16384,16384.0,16384,4779,4812.5,4858,0,0.0,0,264,264.0,264,0.00021828,0.000219105,0.00022014,0.5954029254111021,0.5982154677814596,0.6004764522631483,0.04651585354774235,0.04673558342042653,0.04691222283305846,3.7287963000126183,3.737879950000206,3.8099763999925926,1.1528068999759853,1.1615656000212766,1.1675155999837443,0.19157879997510463,0.19199740001931787,0.19269140000687912,0.5432400000281632,0.5439662499993574,0.5445792999817058,1.8395909999962896,1.8400224999932107,1.92015999997966,0.03124709997791797,0.03190734997042455,0.03254179999930784,20480,20480.0,20480,20480,20480.0,20480
3,64,64,16,C,"T32, overlap",1,32,30,2638998349,d187f51bac37c3682641243f1db112579ad14c8ac45a1b3df52e704bf58c8327,16189,16227.0,16253,2496,2496.0,2496,512,512.0,512,2048,2048.0,2048,16384,16384.0,16384,1705,1709.5,1740,0,0.0,0,264,264.0,264,0.00016189,0.00016227,0.00016253,0.8064480403617793,0.8077401861095705,0.8096361727098648,0.06300375315326401,0.0631047020398102,0.06325282599295819,3.7295851999660954,3.7359724499692675,3.9159771999693476,1.1535001999582164,1.1600004499778152,1.3404462999897078,0.19155539997154847,0.19199400002253242,0.19257010001456365,0.543439099972602,0.5439350999949966,0.5443199999863282,1.8396193000371568,1.8400276000029407,1.8405222999863327,0.03152530000079423,0.031989449984394014,0.03260139998747036,20480,20480.0,20480,20480,20480.0,20480
4,64,64,64,A,"T8, serial",0,8,30,4007112977,21845beeb677bc8c0445231646cefb6e3633bdcf58a2d8c0566bcceaf44d6f37,59127,59188.0,59224,5568,5568.0,5568,8192,8192.0,8192,2048,2048.0,2048,16384,16384.0,16384,26954,27038.0,27119,0,0.0,0,1024,1024.0,1024,0.00059127,0.0005918799999999999,0.00059224,0.8852627313251384,0.8858011761668902,0.88671503712348,0.06916115088477644,0.0692032168880383,0.06927461227527187,3.728726400004234,3.742203250032617,3.7443502000533044,1.152676200028509,1.1662871500011533,1.1685237000347115,0.19167879997985438,0.1919841999770142,0.1921726999571547,0.543845699983649,0.5439941999793518,0.54413840000052,1.8398403999744914,1.8399733999976888,1.8401318999822251,0.031652500038035214,0.0319576500041876,0.03212250000797212,81920,81920.0,81920,81920,81920.0,81920
4,64,64,64,B,"T32, serial",0,32,30,2638998349,d187f51bac37c3682641243f1db112579ad14c8ac45a1b3df52e704bf58c8327,25851,25945.5,26075,5568,5568.0,5568,2048,2048.0,2048,2048,2048.0,2048,16384,16384.0,16384,5736,5774.0,5831,0,0.0,0,264,264.0,264,0.00025851,0.000259455,0.00026075,2.010692233940556,2.020728233448997,2.028114966539012,0.15708533077660594,0.15786939323820293,0.15844648176086032,3.7297138000139967,3.735492300009355,3.775010100041982,1.1537205000058748,1.15949110002839,1.1678049999754876,0.19150059996172786,0.1919435499876272,0.1941815000027418,0.5419389000162482,0.5439559500082396,0.5456010000198148,1.8385155000141822,1.8400071499927435,1.8718680000165477,0.031692300050053746,0.03195229999255389,0.03227970004081726,32768,32768.0,32768,32768,32768.0,32768
4,64,64,64,C,"T32, overlap",1,32,30,2638998349,d187f51bac37c3682641243f1db112579ad14c8ac45a1b3df52e704bf58c8327,17276,17323.0,17397,5568,5568.0,5568,2048,2048.0,2048,2048,2048.0,2048,16384,16384.0,16384,1422,1448.5,1466,0,0.0,0,264,264.0,264,0.00017276,0.00017323,0.00017397,3.013669023394838,3.026542756722992,3.0347765686501504,0.23544289245272174,0.23644865286898376,0.237091919425793,3.728846399986651,3.7349918500112835,4.04119240003638,1.1531375999911688,1.1590861000004224,1.4651448000222445,0.18788130005123094,0.19199029996525496,0.2097040000371635,0.5420803999877535,0.5439345499908086,0.5442243000143208,1.8397408000309952,1.8400038999679964,1.8730756999575533,0.030888100038282573,0.03192829998442903,0.032596500008367,32768,32768.0,32768,32768,32768.0,32768
5,64,64,256,A,"T8, serial",0,8,30,4007112977,21845beeb677bc8c0445231646cefb6e3633bdcf58a2d8c0566bcceaf44d6f37,105965,106080.0,106259,17856,17856.0,17856,32768,32768.0,32768,2048,2048.0,2048,16384,16384.0,16384,61588,61695.0,61853,0,0.0,0,1024,1024.0,1024,0.00105965,0.0010608,0.00106259,1.9736229401744791,1.9769532456465213,1.9790987590242062,0.1541892922011312,0.15444947231613448,0.1546170905487661,5.4611186000402085,5.470392749964958,5.5017575999954715,1.1572226000134833,1.1658200999954715,1.1681757000042126,0.1918500000028871,0.19200050001381896,0.1921853999956511,0.5438047999632545,0.5439963500248268,0.5441585999797098,3.5677999000181444,3.5679183499887586,3.599857499997597,0.03181110002333298,0.031976900005247444,0.03254490002291277,278528,278528.0,278528,278528,278528.0,278528
5,64,64,256,B,"T32, serial",0,32,30,2638998349,d187f51bac37c3682641243f1db112579ad14c8ac45a1b3df52e704bf58c8327,46254,46341.0,46457,17856,17856.0,17856,8192,8192.0,8192,2048,2048.0,2048,16384,16384.0,16384,13823,13892.0,13983,0,0.0,0,264,264.0,264,0.00046254,0.00046341,0.00046457,4.51417870288654,4.525478517943074,4.533990573788213,0.35267021116301095,0.35355300921430266,0.3542180135772041,5.457004900032189,5.462559150008019,5.50257769995369,1.1532258000224829,1.1587118500319775,1.182737700000871,0.19135919999098405,0.19199639998259954,0.1923407000140287,0.543675200024154,0.5440077500243206,0.5443660999881104,3.567283199983649,3.5678833999845665,3.583822499960661,0.03152249997947365,0.031971000018529594,0.032151399995200336,81920,81920.0,81920,81920,81920.0,81920
5,64,64,256,C,"T32, overlap",1,32,30,2638998349,d187f51bac37c3682641243f1db112579ad14c8ac45a1b3df52e704bf58c8327,25160,25209.0,25249,17856,17856.0,17856,8192,8192.0,8192,2048,2048.0,2048,16384,16384.0,16384,3449,3476.0,3504,0,0.0,0,264,264.0,264,0.0002516,0.00025209,0.00025249,8.305881421046378,8.319060666032115,8.335262321144674,0.6488969860192483,0.649926614533759,0.6511923688394277,5.457658200000878,5.464729750005063,5.607033200038131,1.1538051000097767,1.1606807500356808,1.2903941000113264,0.19145469996146858,0.19202129999757744,0.2063476000330411,0.5434992000227794,0.5439469499979168,0.5468156999559142,3.5634758000378497,3.5679752500145696,3.6479143000324257,0.03155940002761781,0.03196505000232719,0.03259780001826584,81920,81920.0,81920,81920,81920.0,81920
6,128,128,16,A,"T8, serial",0,8,30,4007112977,21845beeb677bc8c0445231646cefb6e3633bdcf58a2d8c0566bcceaf44d6f37,201103,201155.5,201248,9984,9984.0,9984,8192,8192.0,8192,8192,8192.0,8192,65536,65536.0,65536,84860,84905.5,84966,0,0.0,0,4096,4096.0,4096,0.00201103,0.002011555,0.00201248,0.2605183653999046,0.2606381630148016,0.2607062052778924,0.020352997296867546,0.020362356485531377,0.020367672287335346,11.222621600027196,11.226114499993855,11.24505190004129,4.612425500003155,4.617690250044689,4.6320059999707155,0.18943460000446066,0.1920088000188116,0.19225669995648786,0.5437037000083365,0.5439780500018969,0.5470434000017121,5.868787900020834,5.871839200000977,5.888034000003245,0.020763699954841286,0.031958150007994846,0.032191500009503216,131072,131072.0,131072,131072,131072.0,131072
6,128,128,16,B,"T32, serial",0,32,30,2638998349,d187f51bac37c3682641243f1db112579ad14c8ac45a1b3df52e704bf58c8327,87294,87503.0,87733,9984,9984.0,9984,2048,2048.0,2048,8192,8192.0,8192,65536,65536.0,65536,19195,19225.5,19277,0,0.0,0,1056,1056.0,1056,0.00087294,0.00087503,0.00087733,0.5975949756648011,0.5991657492273097,0.6006002703507687,0.04668710747381259,0.04680982415838357,0.0469218961211538,11.217024900019169,11.228018649970181,11.29415460000746,4.608893099997658,4.619147849996807,4.687537599995267,0.19068700005300343,0.19201189998420887,0.1923473000060767,0.5437466999865137,0.5439929999993183,0.5445065000094473,5.871518999978434,5.871927700005472,5.8880212000221945,0.03143769997404888,0.03189720000955276,0.03218670003116131,81920,81920.0,81920,81920,81920.0,81920
6,128,128,16,C,"T32, overlap",1,32,30,2638998349,d187f51bac37c3682641243f1db112579ad14c8ac45a1b3df52e704bf58c8327,59271,59349.5,59471,9984,9984.0,9984,2048,2048.0,2048,8192,8192.0,8192,65536,65536.0,65536,1705,1709.0,1740,0,0.0,0,1056,1056.0,1056,0.00059271,0.000593495,0.00059471,0.8815859830841922,0.8833907615686929,0.884560746402119,0.06887390492845252,0.06901490324755413,0.06910630831266555,11.217746899987105,11.231179199996404,11.293026999977883,4.610219500027597,4.621049250010401,4.655561099993065,0.1916592000052333,0.19200910002109595,0.19220819999463856,0.5436540999799035,0.5439862000057474,0.5937012999784201,5.871494499966502,5.871873400028562,5.922768599994015,0.031643200025428087,0.03190930001437664,0.032250799995381385,81920,81920.0,81920,81920,81920.0,81920
7,128,128,64,A,"T8, serial",0,8,30,4007112977,21845beeb677bc8c0445231646cefb6e3633bdcf58a2d8c0566bcceaf44d6f37,236726,236787.0,236822,22272,22272.0,22272,32768,32768.0,32768,8192,8192.0,8192,65536,65536.0,65536,107834,108255.5,108432,0,0.0,0,4096,4096.0,4096,0.00236726,0.0023678700000000002,0.00236822,0.8855393502292861,0.8856702437843356,0.8858984648919003,0.06918276173666298,0.06919298779565122,0.06921081756967971,11.21889130002819,11.225536250014557,11.266724099987186,4.61111090000486,4.617777899984503,4.6590632000006735,0.19183389999670908,0.19200984999770299,0.1924200999783352,0.543512100004591,0.5439485000097193,0.5442060000495985,5.871628499997314,5.871818249986973,5.887948299990967,0.03177900001173839,0.03196369999204762,0.032170799968298525,327680,327680.0,327680,327680,327680.0,327680
7,128,128,64,B,"T32, serial",0,32,30,2638998349,d187f51bac37c3682641243f1db112579ad14c8ac45a1b3df52e704bf58c8327,103555,103724.5,103939,22272,22272.0,22272,8192,8192.0,8192,8192,8192.0,8192,65536,65536.0,65536,22950,23086.0,23200,0,0.0,0,1056,1056.0,1056,0.00103555,0.001037245,0.00103939,2.017675752123842,2.0218482615473983,2.0251576456955243,0.15763091813467514,0.1579568954333905,0.15821544106996283,11.216916099947412,11.225522649998311,11.296207199979108,4.6087037999532185,4.617341300006956,4.634772700024769,0.1917558999848552,0.19197800004621968,0.19238270004279912,0.5436041999491863,0.5439810499956366,0.5443178999703377,5.871632400027011,5.871882500010543,5.93550530000357,0.0315732000162825,0.03190015000291169,0.03239840001333505,131072,131072.0,131072,131072,131072.0,131072
7,128,128,64,C,"T32, overlap",1,32,30,2638998349,d187f51bac37c3682641243f1db112579ad14c8ac45a1b3df52e704bf58c8327,60748,60833.0,60930,22272,22272.0,22272,8192,8192.0,8192,8192,8192.0,8192,65536,65536.0,65536,1424,1462.5,1474,0,0.0,0,1056,1056.0,1056,0.00060748,0.00060833,0.0006093,3.441903824060397,3.4473920405043317,3.452215710805294,0.26889873625471855,0.2693275031644009,0.26970435240666357,11.216561400040518,11.225963299977593,11.313775599992368,4.609030599996913,4.616828149999492,4.636240000021644,0.19165829999838024,0.1920281999919098,0.20606820000102744,0.5435158999753185,0.5440267499652691,0.5457863000337966,5.8713928000070155,5.871868900023401,5.967800000042189,0.03133119997801259,0.031910949997836724,0.03250489995116368,131072,131072.0,131072,131072,131072.0,131072
8,128,128,256,A,"T8, serial",0,8,30,4007112977,21845beeb677bc8c0445231646cefb6e3633bdcf58a2d8c0566bcceaf44d6f37,424444,424519.0,424639,71424,71424.0,71424,131072,131072.0,131072,8192,8192.0,8192,65536,65536.0,65536,246952,247014.5,247136,0,0.0,0,4096,4096.0,4096,0.00424444,0.00424519,0.00424639,1.9754681034949686,1.976026514725265,1.976375682068777,0.15433344558554443,0.1543770714629113,0.1544043501616232,14.674764499999583,14.681661349983187,14.712894800002687,4.611009300046135,4.617619249998825,4.63479510002071,0.19182419998105615,0.19200335003552027,0.19215120002627373,0.5437690999824554,0.5440032000187784,0.5442717999685556,9.327434699982405,9.327759000007063,9.343761300027836,0.03148850001161918,0.031919850007398054,0.032228500000201166,1114112,1114112.0,1114112,1114112,1114112.0,1114112
8,128,128,256,B,"T32, serial",0,32,30,2638998349,d187f51bac37c3682641243f1db112579ad14c8ac45a1b3df52e704bf58c8327,185226,185395.0,185685,71424,71424.0,71424,32768,32768.0,32768,8192,8192.0,8192,65536,65536.0,65536,55507,55633.0,55814,0,0.0,0,1056,1056.0,1056,0.00185226,0.00185395,0.00185685,4.5176551686996795,4.524721814928183,4.5288501614244225,0.35294181005466246,0.3534938917912643,0.35381641886128296,14.672596399963368,14.684325299982447,14.71669730002759,4.609098399989307,4.619538099999772,4.637075000035111,0.1917692999704741,0.19196629998623393,0.19229959999211133,0.5437155999825336,0.5439828500384465,0.5442570999730378,9.327251000038814,9.327893649984617,9.34398720000172,0.031665500020608306,0.03191125000012107,0.03209140000399202,327680,327680.0,327680,327680,327680.0,327680
8,128,128,256,C,"T32, overlap",1,32,30,2638998349,d187f51bac37c3682641243f1db112579ad14c8ac45a1b3df52e704bf58c8327,79466,79518.0,79569,71424,71424.0,71424,32768,32768.0,32768,8192,8192.0,8192,65536,65536.0,65536,3439,3477.5,3508,0,0.0,0,1056,1056.0,1056,0.00079466,0.00079518,0.00079569,10.542558031394137,10.549319650896653,10.556222787103918,0.8236373462026668,0.8241655977263009,0.8247049052424936,14.680491100007202,14.697091899986845,14.71540859999368,4.616852600011043,4.619730050035287,4.648520799994003,0.19177159998798743,0.19196714999270625,0.19255170004907995,0.5435027999919839,0.543971649982268,0.5442301000002772,9.327366599987727,9.327871949994005,9.359815299976617,0.031560299976263195,0.03195249999407679,0.032117399969138205,327680,327680.0,327680,327680,327680.0,327680
9,256,256,16,A,"T8, serial",0,8,30,4007112977,21845beeb677bc8c0445231646cefb6e3633bdcf58a2d8c0566bcceaf44d6f37,804989,805093.0,805166,39936,39936.0,39936,32768,32768.0,32768,32768,32768.0,32768,262144,262144.0,262144,339827,339859.5,339958,0,0.0,0,16384,16384.0,16384,0.00804989,0.00805093,0.00805166,0.2604620662074653,0.2604856830240878,0.2605193362890673,0.020348598922458227,0.02035044398625686,0.020353073147583382,40.01992559997598,40.026057900016895,40.05962929996895,18.436428099987097,18.44249234997551,18.460413599968888,0.19160800002282485,0.19199910000315867,0.19226719997823238,0.5437577000120655,0.5439782500034198,0.5441196999745443,20.847239000024274,20.84742284999811,20.863282200007234,0.031515999988187104,0.031835350004257634,0.032064299972262233,524288,524288.0,524288,524288,524288.0,524288
9,256,256,16,B,"T32, serial",0,32,30,2638998349,d187f51bac37c3682641243f1db112579ad14c8ac45a1b3df52e704bf58c8327,349289,349551.5,349714,39936,39936.0,39936,8192,8192.0,8192,32768,32768.0,32768,262144,262144.0,262144,76718,76939.5,77078,0,0.0,0,4224,4224.0,4224,0.00349289,0.003495515,0.00349714,0.5996763069250873,0.5999550855783627,0.6004059675512256,0.04684971147852245,0.046871491060809595,0.04690671621493949,40.01640830002725,40.0448605499696,40.36641109996708,18.43283349997364,18.446639650006546,18.52595200005453,0.19166539999423549,0.1920075000380166,0.19233210000675172,0.5434773999731988,0.5439856500015594,0.5441509000374936,20.847226199985016,20.855734450015007,21.1704180999659,0.031169099966064095,0.03190384997287765,0.03226219996577129,327680,327680.0,327680,327680,327680.0,327680
9,256,256,16,C,"T32, overlap",1,32,30,2638998349,d187f51bac37c3682641243f1db112579ad14c8ac45a1b3df52e704bf58c8327,231753,231888.5,232086,39936,39936.0,39936,8192,8192.0,8192,32768,32768.0,32768,262144,262144.0,262144,1719,1729.5,1783,0,0.0,0,4224,4224.0,4224,0.00231753,0.0023188849999999997,0.00232086,0.9036098687555475,0.9043794756867019,0.904908242827493,0.07059452099652715,0.07065464653802359,0.0706959564708979,40.01702819997445,40.06663210003171,40.255002600024454,18.433788099966478,18.46088714999496,18.572421799995936,0.19142469996586442,0.19199600000865757,0.1921786000020802,0.5437261000042781,0.5439516500046011,0.5443636000272818,20.84725679998519,20.863406699994812,20.9465976000065,0.03161700000055134,0.031867849989794195,0.0320631000213325,327680,327680.0,327680,327680,327680.0,327680
10,256,256,64,A,"T8, serial",0,8,30,4007112977,21845beeb677bc8c0445231646cefb6e3633bdcf58a2d8c0566bcceaf44d6f37,947126,947185.0,947218,89088,89088.0,89088,131072,131072.0,131072,32768,32768.0,32768,262144,262144.0,262144,432076,433157.5,433678,0,0.0,0,16384,16384.0,16384,0.00947126,0.00947185,0.00947218,0.8856047921386629,0.885635646679371,0.8856908162166386,0.06918787438583304,0.06919028489682585,0.06919459501692489,40.02116089995252,40.04404209999484,40.439581999962684,18.437918399984483,18.456785500020487,18.79208159999689,0.19157259998610243,0.19197745001292787,0.19216179999057204,0.5438494000118226,0.5439949999854434,0.5444611000129953,20.847196399990935,20.847583500028122,20.911506499978714,0.031594400003086776,0.03181319998111576,0.03223050001543015,1310720,1310720.0,1310720,1310720,1310720.0,1310720
10,256,256,64,B,"T32, serial",0,32,30,2638998349,d187f51bac37c3682641243f1db112579ad14c8ac45a1b3df52e704bf58c8327,414373,414541.0,414818,89088,89088.0,89088,32768,32768.0,32768,32768,32768.0,32768,262144,262144.0,262144,92138,92477.5,92539,0,0.0,0,4224,4224.0,4224,0.00414373,0.00414541,0.00414818,2.0222381863853545,2.023589464433517,2.024409891571121,0.15798735831135582,0.15809292690886853,0.1581570227789938,40.016003900032956,40.024011500005145,40.85267950000707,18.432468899991363,18.440556449990254,18.777021900052205,0.19156779994955286,0.1919408499961719,0.19216530001722276,0.543747199990321,0.5439820499741472,0.5442786000203341,20.84711909998441,20.84745244999067,21.34025670000119,0.03146769996965304,0.03188475000206381,0.03235709998989478,524288,524288.0,524288,524288,524288.0,524288
10,256,256,64,C,"T32, overlap",1,32,30,2638998349,d187f51bac37c3682641243f1db112579ad14c8ac45a1b3df52e704bf58c8327,234677,234784.0,234924,89088,89088.0,89088,32768,32768.0,32768,32768,32768.0,32768,262144,262144.0,262144,1422,1452.5,1478,0,0.0,0,4224,4224.0,4224,0.00234677,0.0023478400000000003,0.00234924,3.5707752294359025,3.572904457899539,3.574533507757471,0.2789668147996799,0.2791331607734015,0.2792604302935524,40.0157064999803,40.02320124997641,40.180515700019896,18.432344499975443,18.439779249980347,18.597401299979538,0.19182870001532137,0.19201559998327866,0.19218189996900037,0.5436183999991044,0.5439635500079021,0.5441778000094928,20.84717919997638,20.847395899996627,20.863314800022636,0.03164980001747608,0.03190500001073815,0.03214819997083396,524288,524288.0,524288,524288,524288.0,524288
11,256,256,256,A,"T8, serial",0,8,30,4007112977,21845beeb677bc8c0445231646cefb6e3633bdcf58a2d8c0566bcceaf44d6f37,1698737,1698969.5,1699052,285696,285696.0,285696,524288,524288.0,524288,32768,32768.0,32768,262144,262144.0,262144,988721,988903.5,989167,0,0.0,0,16384,16384.0,16384,0.01698737,0.016989695,0.01699052,1.9748914100333597,1.974987308497027,1.9752576178655084,0.15428839140885622,0.15429588347633022,0.15431700139574284,46.969005900027696,46.99391439999454,47.11789970000973,18.439545200031716,18.446744100016076,18.493037300009746,0.19179119996260852,0.1919655500096269,0.1922021000063978,0.5757575999596156,0.5760075500002131,0.5918940000119619,27.7589822000009,27.77516910000122,27.903043700032867,0.03160569997271523,0.031907600001432,0.032046500011347234,4456448,4456448.0,4456448,4456448,4456448.0,4456448
11,256,256,256,B,"T32, serial",0,32,30,2638998349,d187f51bac37c3682641243f1db112579ad14c8ac45a1b3df52e704bf58c8327,740890,741063.5,741391,285696,285696.0,285696,131072,131072.0,131072,32768,32768.0,32768,262144,262144.0,262144,222250,222368.5,222504,0,0.0,0,4224,4224.0,4224,0.0074089,0.0074106350000000005,0.00741391,4.525875280385113,4.527875411653289,4.528935739448501,0.353584006280087,0.3537402665354132,0.35382310464441413,46.92819240002427,47.008623000001535,47.35320119996322,18.433041400043294,18.475538400001824,18.63424559996929,0.19164209999144077,0.19197975000133738,0.192791799956467,0.5432234000181779,0.5439953000168316,0.5601369999931194,27.759025200037286,27.80808754998725,28.022246999957133,0.026309799985028803,0.03186019996064715,0.03199950000271201,1310720,1310720.0,1310720,1310720,1310720.0,1310720
11,256,256,256,C,"T32, overlap",1,32,30,2638998349,d187f51bac37c3682641243f1db112579ad14c8ac45a1b3df52e704bf58c8327,296951,297001.0,297058,285696,285696.0,285696,131072,131072.0,131072,32768,32768.0,32768,262144,262144.0,262144,3443,3471.5,3508,0,0.0,0,4224,4224.0,4224,0.00296951,0.00297001,0.00297058,11.295582680823273,11.297750512624537,11.299652804671478,0.8824673969393182,0.8826367587987919,0.8827853753649592,46.93080570001621,46.991918149986304,47.33725579996826,18.43280650000088,18.468854950013338,18.71440120000625,0.19182169996201992,0.192001249990426,0.19213100004708394,0.5438082999899052,0.5440111000207253,0.5600178999593481,27.758743500045966,27.791141749970848,27.99907279998297,0.03170309995766729,0.03189789998577908,0.0330738999764435,1310720,1310720.0,1310720,1310720,1310720.0,1310720
12,31,33,17,A,"T8, serial",0,8,30,4007112977,21845beeb677bc8c0445231646cefb6e3633bdcf58a2d8c0566bcceaf44d6f37,14839,14911.0,15016,800,800.0,800,861,861.0,861,527,527.0,527,4092,4092.0,4092,6446,6512.0,6629,0,0.0,0,310,310.0,310,0.00014839,0.00014911,0.00015016,0.23163292488012788,0.2332640343131752,0.23439584877687178,0.01809632225625999,0.018223752680716812,0.018312175685693106,1.9687918999698013,1.981475849985145,2.043353400018532,0.4168512999895029,0.42523959997924976,0.4326869999640621,0.1875047999783419,0.19197205000091344,0.20764059998327866,0.5438137999735773,0.5440514000074472,0.5598343000165187,0.8157285999623127,0.8159792500082403,0.8820104000042193,0.0272287999978289,0.03197184996679425,0.03237119998084381,11104,11104.0,11104,10980,10980.0,10980
12,31,33,17,B,"T32, serial",0,32,30,2638998349,d187f51bac37c3682641243f1db112579ad14c8ac45a1b3df52e704bf58c8327,7332,7369.0,7450,800,800.0,800,285,285.0,285,527,527.0,527,4092,4092.0,4092,1911,1933.0,1962,0,0.0,0,124,124.0,124,7.332e-05,7.369000000000001e-05,7.45e-05,0.4668724832214765,0.4720043512081287,0.4743862520458265,0.03647441275167785,0.03687533993813506,0.037061425941080195,1.96893380000256,1.9815123500011396,1.984466100053396,0.4169518999988213,0.4294745000079274,0.4325675000436604,0.19183319999137893,0.19201619998784736,0.19222460000310093,0.5437441000249237,0.5439726999902632,0.5441866999608465,0.8158054999657907,0.8159987000108231,0.8162446999922395,0.03175959998043254,0.03201124997576699,0.03223919996526092,6496,6496.0,6496,6372,6372.0,6372
12,31,33,17,C,"T32, overlap",1,32,30,2638998349,d187f51bac37c3682641243f1db112579ad14c8ac45a1b3df52e704bf58c8327,6476,6501.0,6549,800,800.0,800,285,285.0,285,527,527.0,527,4092,4092.0,4092,1223,1235.0,1251,0,0.0,0,124,124.0,124,6.476e-05,6.501e-05,6.549e-05,0.5311039853412735,0.53502538071066,0.5370907967881408,0.041492498854786994,0.0417988578680203,0.041960218499073505,1.9690639000036754,1.9827219999860972,1.9844500999897718,0.4170882999897003,0.43076429999200627,0.4324981000390835,0.1915933999698609,0.19197435001842678,0.19219849997898564,0.5437840000377037,0.543972700019367,0.5443835000041872,0.8155519000138156,0.8159485999785829,0.816130899998825,0.03178520000074059,0.0319761999999173,0.03510819998336956,6496,6496.0,6496,6372,6372.0,6372
13,65,63,255,A,"T8, serial",0,8,30,4007112977,21845beeb677bc8c0445231646cefb6e3633bdcf58a2d8c0566bcceaf44d6f37,113210,113394.0,113484,20016,20016.0,20016,34784,34784.0,34784,2080,2080.0,2080,16380,16380.0,16380,66219,66380.0,66469,0,0.0,0,1040,1040.0,1040,0.0011321,0.00113394,0.00113484,1.8403034789045152,1.841764115076359,1.844757530253511,0.14377370928941524,0.14388782149034057,0.14412168205105555,5.488668899983168,5.503218500001822,5.534699699957855,1.1688213999732397,1.1830132500035688,1.1846293999697082,0.19162949995370582,0.19198440000764094,0.19222210004227236,0.5436704999883659,0.5439634500071406,0.5443754000007175,3.5835232999525033,3.5839247499825433,3.6158725999994203,0.03156829997897148,0.03195860001142137,0.03226780000841245,294912,294912.0,294912,294652,294652.0,294652
13,65,63,255,B,"T32, serial",0,32,30,2638998349,d187f51bac37c3682641243f1db112579ad14c8ac45a1b3df52e704bf58c8327,52249,52343.0,52502,20016,20016.0,20016,10208,10208.0,10208,2080,2080.0,2080,16380,16380.0,16380,17385,17482.0,17536,0,0.0,0,268,268.0,268,0.00052249,0.0005234300000000001,0.00052502,3.9778484629156985,3.989931797493966,3.997109992535742,0.31076941116528894,0.3117134216792161,0.31227421816685486,5.488865600025747,5.499802599981194,5.504201700037811,1.1689535000477917,1.1799380499869585,1.1841406999737956,0.19177239999407902,0.1920098999980837,0.19218370004091412,0.5437293000286445,0.5439956500194967,0.5442880000337027,3.5836491999798454,3.5839142499899026,3.5843759000417776,0.031530599982943386,0.031961050030076876,0.03219070000341162,98304,98304.0,98304,98044,98044.0,98044
13,65,63,255,C,"T32, overlap",1,32,30,2638998349,d187f51bac37c3682641243f1db112579ad14c8ac45a1b3df52e704bf58c8327,26403,26445.5,26559,20016,20016.0,20016,10208,10208.0,10208,2080,2080.0,2080,16380,16380.0,16380,3457,3479.5,3521,0,0.0,0,268,268.0,268,0.00026403,0.00026445500000000003,0.00026559,7.863436123348018,7.897184801644798,7.9098966026587885,0.6143309471365639,0.6169675626284998,0.6179606720827179,5.489357199985534,5.50197050004499,5.504252100014128,1.1694736999925226,1.1819825500133447,1.1842722999863327,0.19150499999523163,0.19198614996275865,0.19220940000377595,0.5438040000153705,0.5440076499944553,0.5449454999761656,3.583000099984929,3.583883250015788,3.5842977999709547,0.03153320000274107,0.03198440000414848,0.032243599998764694,98304,98304.0,98304,98044,98044.0,98044
14,1,64,256,A,"T8, serial",0,8,30,4007112977,21845beeb677bc8c0445231646cefb6e3633bdcf58a2d8c0566bcceaf44d6f37,7591,7650.0,7709,2232,2232.0,2232,2304,2304.0,2304,32,32.0,32,256,256.0,256,4852,4913.0,4974,0,0.0,0,16,16.0,16,7.591e-05,7.65e-05,7.709e-05,0.425061616292645,0.4283398985579836,0.4316690818074035,0.033207938772862884,0.033464054574842465,0.033724147016203396,2.08090339996852,2.082447549997596,2.112587299954612,0.03287649998674169,0.03448615001980215,0.04860450001433492,0.19178290001582354,0.19199144997401163,0.19217529997695237,0.543805000022985,0.5439720500144176,0.5600662000360899,1.3116902000037953,1.3119661999808159,1.3281431999639608,0.0318455999949947,0.03201805002754554,0.03954420000081882,18688,18688.0,18688,18688,18688.0,18688
14,1,64,256,B,"T32, serial",0,32,30,2638998349,d187f51bac37c3682641243f1db112579ad14c8ac45a1b3df52e704bf58c8327,6217,6248.0,6277,2232,2232.0,2232,2112,2112.0,2112,32,32.0,32,256,256.0,256,3710,3742.5,3771,0,0.0,0,4,4.0,4,6.217e-05,6.248000000000001e-05,6.277e-05,0.5220328182252669,0.5244558392989429,0.5270709345343413,0.04078381392384897,0.040973112445229914,0.04117741676049542,2.0808685999945737,2.0931474500102922,2.0966155999922194,0.032957299961708486,0.04516725000576116,0.04858129995409399,0.19180349999805912,0.19200429998454638,0.19290969998110086,0.543048599967733,0.5439898500044364,0.5442048000404611,1.3118164999759756,1.3119863499887288,1.3122026000055484,0.03175409999676049,0.031961350003257394,0.03209789999527857,17152,17152.0,17152,17152,17152.0,17152
14,1,64,256,C,"T32, overlap",1,32,30,2638998349,d187f51bac37c3682641243f1db112579ad14c8ac45a1b3df52e704bf58c8327,4966,5011.5,5036,2232,2232.0,2232,2112,2112.0,2112,32,32.0,32,256,256.0,256,2583,2623.5,2653,0,0.0,0,4,4.0,4,4.966e-05,5.0115000000000004e-05,5.036e-05,0.6506751389992057,0.6538561374075198,0.6598469593233991,0.050833995234312944,0.05108251073496249,0.05155054369714056,2.080818000016734,2.094276650022948,2.096761900000274,0.03278479998698458,0.046373500023037195,0.04874450003262609,0.19179720000829548,0.1920068000035826,0.19249439996201545,0.5432551000267267,0.544005500007188,0.5443086000159383,1.3116143000079319,1.3119667499850038,1.3123781000031158,0.03169459995115176,0.03194414998870343,0.032164899981580675,17152,17152.0,17152,17152,17152.0,17152
15,64,1,256,A,"T8, serial",0,8,30,4007112977,21845beeb677bc8c0445231646cefb6e3633bdcf58a2d8c0566bcceaf44d6f37,9461,9499.0,9560,2232,2232.0,2232,2304,2304.0,2304,64,64.0,64,256,256.0,256,4832,4870.0,4929,0,0.0,0,128,128.0,128,9.461e-05,9.499e-05,9.56e-05,0.34276150627615065,0.34496264293743756,0.3463481661557975,0.026778242677824266,0.02695020647948731,0.02705845048092168,2.592676499974914,2.5974140999896917,2.6234829999739304,0.2886925999773666,0.2908898000023328,0.3054649999830872,0.1915010999655351,0.19199200000730343,0.1922669000341557,0.5435499000013806,0.5439818000013474,0.5441673999885097,1.5678109000436962,1.5679779000056442,1.58403939998243,0.031588299956638366,0.032002649997593835,0.03225869999732822,18944,18944.0,18944,18688,18688.0,18688
15,64,1,256,B,"T32, serial",0,32,30,2638998349,d187f51bac37c3682641243f1db112579ad14c8ac45a1b3df52e704bf58c8327,8256,8296.0,8328,2232,2232.0,2232,2112,2112.0,2112,64,64.0,64,256,256.0,256,3673,3712.5,3741,0,0.0,0,128,128.0,128,8.256e-05,8.296e-05,8.328e-05,0.39346781940441883,0.39498554093678456,0.3968992248062016,0.03073967339097022,0.030858245385686295,0.031007751937984496,2.5937363000120968,2.605112850025762,2.6229377000126988,0.28982070001075044,0.30096140000387095,0.310887300001923,0.19155579997459427,0.19198235002113506,0.19222859997535124,0.543746999988798,0.5440075000224169,0.5599837999907322,1.5655288999550976,1.5679764499946032,1.583895299991127,0.031831600004807115,0.03196729999035597,0.03212250000797212,17408,17408.0,17408,17152,17152.0,17152
15,64,1,256,C,"T32, overlap",1,32,30,2638998349,d187f51bac37c3682641243f1db112579ad14c8ac45a1b3df52e704bf58c8327,5981,6029.0,6071,2232,2232.0,2232,2112,2112.0,2112,64,64.0,64,256,256.0,256,2554,2602.0,2645,0,0.0,0,128,128.0,128,5.981e-05,6.029e-05,6.071e-05,0.5397463350354142,0.5435063858019572,0.5478682494566126,0.042167682424641736,0.04246143639077791,0.04280220698879786,2.592765400011558,2.6032886000175495,2.6227144000004046,0.2889046000200324,0.2992717000306584,0.3040065999957733,0.19182099995668977,0.1919880000059493,0.1922677000402473,0.5435918999719433,0.5440090499760117,0.544246600009501,1.567779499979224,1.5679872499895282,1.5839577000006102,0.03168450004886836,0.031962100008968264,0.0321496999822557,17408,17408.0,17408,17152,17152.0,17152
