cell	ref_name	orig_cell_name	orig_ref_name	loc
core/tile/compute/operands/banks[0].a_mem_reg	RAMB36E1		RAMB36E1	RAMB36_X2Y5
core/tile/compute/operands/banks[0].bt_mem_reg	RAMB36E1		RAMB36E1	RAMB36_X1Y5
core/tile/compute/operands/banks[1].a_mem_reg	RAMB36E1		RAMB36E1	RAMB36_X0Y7
core/tile/compute/operands/banks[1].bt_mem_reg	RAMB36E1		RAMB36E1	RAMB36_X0Y8
core/tile/compute/operands/banks[2].a_mem_reg	RAMB36E1		RAMB36E1	RAMB36_X0Y6
core/tile/compute/operands/banks[2].bt_mem_reg	RAMB36E1		RAMB36E1	RAMB36_X0Y5
core/tile/compute/operands/banks[3].a_mem_reg	RAMB36E1		RAMB36E1	RAMB36_X0Y2
core/tile/compute/operands/banks[3].bt_mem_reg	RAMB36E1		RAMB36E1	RAMB36_X0Y3
core/tile/compute/operands/banks[4].a_mem_reg	RAMB36E1		RAMB36E1	RAMB36_X1Y4
core/tile/compute/operands/banks[4].bt_mem_reg	RAMB36E1		RAMB36E1	RAMB36_X1Y3
core/tile/compute/operands/banks[5].a_mem_reg	RAMB36E1		RAMB36E1	RAMB36_X1Y17
core/tile/compute/operands/banks[5].bt_mem_reg	RAMB36E1		RAMB36E1	RAMB36_X1Y16
core/tile/compute/operands/banks[6].a_mem_reg	RAMB36E1		RAMB36E1	RAMB36_X0Y1
core/tile/compute/operands/banks[6].bt_mem_reg	RAMB36E1		RAMB36E1	RAMB36_X0Y4
core/tile/compute/operands/banks[7].a_mem_reg	RAMB36E1		RAMB36E1	RAMB36_X1Y6
core/tile/compute/operands/banks[7].bt_mem_reg	RAMB36E1		RAMB36E1	RAMB36_X1Y7
core/tile/results/banks[0].mem_reg	RAMB18E1		RAMB18E1	RAMB18_X1Y16
core/tile/results/banks[1].mem_reg	RAMB18E1		RAMB18E1	RAMB18_X1Y17
core/tile/results/banks[2].mem_reg	RAMB18E1		RAMB18E1	RAMB18_X1Y18
core/tile/results/banks[3].mem_reg	RAMB18E1		RAMB18E1	RAMB18_X1Y19
core/tile/results/banks[4].mem_reg	RAMB18E1		RAMB18E1	RAMB18_X1Y20
core/tile/results/banks[5].mem_reg	RAMB18E1		RAMB18E1	RAMB18_X1Y21
core/tile/results/banks[6].mem_reg	RAMB18E1		RAMB18E1	RAMB18_X0Y22
core/tile/results/banks[7].mem_reg	RAMB18E1		RAMB18E1	RAMB18_X1Y22
