pin	ref_name	async_reg	clock	startpoints_all_arcs	setup_slack	hold_slack
platform/platform/axi_ddr_bd_i/bridge/inst/m00_exit_pipeline/m00_exit/inst/xpm_cdc_async_rst_inst/arststages_ff_reg[0]/CLR	FDCE	1	clk_pll_i	{platform/platform/axi_ddr_bd_i/bridge/inst/clk_map/psr_aclk1/U0/ACTIVE_LOW_BSR_OUT_DFF[0].FDRE_BSR_N/C}		
platform/platform/axi_ddr_bd_i/bridge/inst/m00_exit_pipeline/m00_exit/inst/xpm_cdc_async_rst_inst/arststages_ff_reg[1]/CLR	FDCE	1	clk_pll_i	{platform/platform/axi_ddr_bd_i/bridge/inst/clk_map/psr_aclk1/U0/ACTIVE_LOW_BSR_OUT_DFF[0].FDRE_BSR_N/C}		
platform/platform/axi_ddr_bd_i/bridge/inst/m00_exit_pipeline/m00_exit/inst/xpm_cdc_async_rst_inst/arststages_ff_reg[2]/CLR	FDCE	1	clk_pll_i	{platform/platform/axi_ddr_bd_i/bridge/inst/clk_map/psr_aclk1/U0/ACTIVE_LOW_BSR_OUT_DFF[0].FDRE_BSR_N/C}		
platform/platform/axi_ddr_bd_i/bridge/inst/s00_entry_pipeline/s00_mmu/inst/xpm_cdc_async_rst_inst/arststages_ff_reg[0]/CLR	FDCE	1	clk_out1_axi_ddr_bd_clocks_0	{platform/platform/axi_ddr_bd_i/bridge/inst/clk_map/psr_aclk/U0/ACTIVE_LOW_BSR_OUT_DFF[0].FDRE_BSR_N/C}		
platform/platform/axi_ddr_bd_i/bridge/inst/s00_entry_pipeline/s00_mmu/inst/xpm_cdc_async_rst_inst/arststages_ff_reg[1]/CLR	FDCE	1	clk_out1_axi_ddr_bd_clocks_0	{platform/platform/axi_ddr_bd_i/bridge/inst/clk_map/psr_aclk/U0/ACTIVE_LOW_BSR_OUT_DFF[0].FDRE_BSR_N/C}		
platform/platform/axi_ddr_bd_i/bridge/inst/s00_entry_pipeline/s00_mmu/inst/xpm_cdc_async_rst_inst/arststages_ff_reg[2]/CLR	FDCE	1	clk_out1_axi_ddr_bd_clocks_0	{platform/platform/axi_ddr_bd_i/bridge/inst/clk_map/psr_aclk/U0/ACTIVE_LOW_BSR_OUT_DFF[0].FDRE_BSR_N/C}		
platform/platform/axi_ddr_bd_i/bridge/inst/s00_entry_pipeline/s00_si_converter/inst/xpm_cdc_async_rst_inst/arststages_ff_reg[0]/CLR	FDCE	1	clk_out1_axi_ddr_bd_clocks_0	{platform/platform/axi_ddr_bd_i/bridge/inst/clk_map/psr_aclk/U0/ACTIVE_LOW_BSR_OUT_DFF[0].FDRE_BSR_N/C}		
platform/platform/axi_ddr_bd_i/bridge/inst/s00_entry_pipeline/s00_si_converter/inst/xpm_cdc_async_rst_inst/arststages_ff_reg[1]/CLR	FDCE	1	clk_out1_axi_ddr_bd_clocks_0	{platform/platform/axi_ddr_bd_i/bridge/inst/clk_map/psr_aclk/U0/ACTIVE_LOW_BSR_OUT_DFF[0].FDRE_BSR_N/C}		
platform/platform/axi_ddr_bd_i/bridge/inst/s00_entry_pipeline/s00_si_converter/inst/xpm_cdc_async_rst_inst/arststages_ff_reg[2]/CLR	FDCE	1	clk_out1_axi_ddr_bd_clocks_0	{platform/platform/axi_ddr_bd_i/bridge/inst/clk_map/psr_aclk/U0/ACTIVE_LOW_BSR_OUT_DFF[0].FDRE_BSR_N/C}		
platform/platform/axi_ddr_bd_i/bridge/inst/s00_entry_pipeline/s00_transaction_regulator/inst/xpm_cdc_async_rst_inst/arststages_ff_reg[0]/CLR	FDCE	1	clk_out1_axi_ddr_bd_clocks_0	{platform/platform/axi_ddr_bd_i/bridge/inst/clk_map/psr_aclk/U0/ACTIVE_LOW_BSR_OUT_DFF[0].FDRE_BSR_N/C}		
platform/platform/axi_ddr_bd_i/bridge/inst/s00_entry_pipeline/s00_transaction_regulator/inst/xpm_cdc_async_rst_inst/arststages_ff_reg[1]/CLR	FDCE	1	clk_out1_axi_ddr_bd_clocks_0	{platform/platform/axi_ddr_bd_i/bridge/inst/clk_map/psr_aclk/U0/ACTIVE_LOW_BSR_OUT_DFF[0].FDRE_BSR_N/C}		
platform/platform/axi_ddr_bd_i/bridge/inst/s00_entry_pipeline/s00_transaction_regulator/inst/xpm_cdc_async_rst_inst/arststages_ff_reg[2]/CLR	FDCE	1	clk_out1_axi_ddr_bd_clocks_0	{platform/platform/axi_ddr_bd_i/bridge/inst/clk_map/psr_aclk/U0/ACTIVE_LOW_BSR_OUT_DFF[0].FDRE_BSR_N/C}		
platform/platform/axi_ddr_bd_i/bridge/inst/s00_nodes/s00_ar_node/inst/m_sc_xpm_cdc_async_rst_inst/arststages_ff_reg[0]/CLR	FDCE	1	clk_pll_i	{platform/platform/axi_ddr_bd_i/bridge/inst/clk_map/psr_aclk1/U0/ACTIVE_LOW_BSR_OUT_DFF[0].FDRE_BSR_N/C}		
platform/platform/axi_ddr_bd_i/bridge/inst/s00_nodes/s00_ar_node/inst/m_sc_xpm_cdc_async_rst_inst/arststages_ff_reg[1]/CLR	FDCE	1	clk_pll_i	{platform/platform/axi_ddr_bd_i/bridge/inst/clk_map/psr_aclk1/U0/ACTIVE_LOW_BSR_OUT_DFF[0].FDRE_BSR_N/C}		
platform/platform/axi_ddr_bd_i/bridge/inst/s00_nodes/s00_ar_node/inst/m_sc_xpm_cdc_async_rst_inst/arststages_ff_reg[2]/CLR	FDCE	1	clk_pll_i	{platform/platform/axi_ddr_bd_i/bridge/inst/clk_map/psr_aclk1/U0/ACTIVE_LOW_BSR_OUT_DFF[0].FDRE_BSR_N/C}		
platform/platform/axi_ddr_bd_i/bridge/inst/s00_nodes/s00_ar_node/inst/s_sc_xpm_cdc_async_rst_inst/arststages_ff_reg[0]/CLR	FDCE	1	clk_out1_axi_ddr_bd_clocks_0	{platform/platform/axi_ddr_bd_i/bridge/inst/clk_map/psr_aclk/U0/ACTIVE_LOW_BSR_OUT_DFF[0].FDRE_BSR_N/C}		
platform/platform/axi_ddr_bd_i/bridge/inst/s00_nodes/s00_ar_node/inst/s_sc_xpm_cdc_async_rst_inst/arststages_ff_reg[1]/CLR	FDCE	1	clk_out1_axi_ddr_bd_clocks_0	{platform/platform/axi_ddr_bd_i/bridge/inst/clk_map/psr_aclk/U0/ACTIVE_LOW_BSR_OUT_DFF[0].FDRE_BSR_N/C}		
platform/platform/axi_ddr_bd_i/bridge/inst/s00_nodes/s00_ar_node/inst/s_sc_xpm_cdc_async_rst_inst/arststages_ff_reg[2]/CLR	FDCE	1	clk_out1_axi_ddr_bd_clocks_0	{platform/platform/axi_ddr_bd_i/bridge/inst/clk_map/psr_aclk/U0/ACTIVE_LOW_BSR_OUT_DFF[0].FDRE_BSR_N/C}		
platform/platform/axi_ddr_bd_i/bridge/inst/s00_nodes/s00_aw_node/inst/m_sc_xpm_cdc_async_rst_inst/arststages_ff_reg[0]/CLR	FDCE	1	clk_pll_i	{platform/platform/axi_ddr_bd_i/bridge/inst/clk_map/psr_aclk1/U0/ACTIVE_LOW_BSR_OUT_DFF[0].FDRE_BSR_N/C}		
platform/platform/axi_ddr_bd_i/bridge/inst/s00_nodes/s00_aw_node/inst/m_sc_xpm_cdc_async_rst_inst/arststages_ff_reg[1]/CLR	FDCE	1	clk_pll_i	{platform/platform/axi_ddr_bd_i/bridge/inst/clk_map/psr_aclk1/U0/ACTIVE_LOW_BSR_OUT_DFF[0].FDRE_BSR_N/C}		
platform/platform/axi_ddr_bd_i/bridge/inst/s00_nodes/s00_aw_node/inst/m_sc_xpm_cdc_async_rst_inst/arststages_ff_reg[2]/CLR	FDCE	1	clk_pll_i	{platform/platform/axi_ddr_bd_i/bridge/inst/clk_map/psr_aclk1/U0/ACTIVE_LOW_BSR_OUT_DFF[0].FDRE_BSR_N/C}		
platform/platform/axi_ddr_bd_i/bridge/inst/s00_nodes/s00_aw_node/inst/s_sc_xpm_cdc_async_rst_inst/arststages_ff_reg[0]/CLR	FDCE	1	clk_out1_axi_ddr_bd_clocks_0	{platform/platform/axi_ddr_bd_i/bridge/inst/clk_map/psr_aclk/U0/ACTIVE_LOW_BSR_OUT_DFF[0].FDRE_BSR_N/C}		
platform/platform/axi_ddr_bd_i/bridge/inst/s00_nodes/s00_aw_node/inst/s_sc_xpm_cdc_async_rst_inst/arststages_ff_reg[1]/CLR	FDCE	1	clk_out1_axi_ddr_bd_clocks_0	{platform/platform/axi_ddr_bd_i/bridge/inst/clk_map/psr_aclk/U0/ACTIVE_LOW_BSR_OUT_DFF[0].FDRE_BSR_N/C}		
platform/platform/axi_ddr_bd_i/bridge/inst/s00_nodes/s00_aw_node/inst/s_sc_xpm_cdc_async_rst_inst/arststages_ff_reg[2]/CLR	FDCE	1	clk_out1_axi_ddr_bd_clocks_0	{platform/platform/axi_ddr_bd_i/bridge/inst/clk_map/psr_aclk/U0/ACTIVE_LOW_BSR_OUT_DFF[0].FDRE_BSR_N/C}		
platform/platform/axi_ddr_bd_i/bridge/inst/s00_nodes/s00_b_node/inst/m_sc_xpm_cdc_async_rst_inst/arststages_ff_reg[0]/CLR	FDCE	1	clk_out1_axi_ddr_bd_clocks_0	{platform/platform/axi_ddr_bd_i/bridge/inst/clk_map/psr_aclk/U0/ACTIVE_LOW_BSR_OUT_DFF[0].FDRE_BSR_N/C}		
platform/platform/axi_ddr_bd_i/bridge/inst/s00_nodes/s00_b_node/inst/m_sc_xpm_cdc_async_rst_inst/arststages_ff_reg[1]/CLR	FDCE	1	clk_out1_axi_ddr_bd_clocks_0	{platform/platform/axi_ddr_bd_i/bridge/inst/clk_map/psr_aclk/U0/ACTIVE_LOW_BSR_OUT_DFF[0].FDRE_BSR_N/C}		
platform/platform/axi_ddr_bd_i/bridge/inst/s00_nodes/s00_b_node/inst/m_sc_xpm_cdc_async_rst_inst/arststages_ff_reg[2]/CLR	FDCE	1	clk_out1_axi_ddr_bd_clocks_0	{platform/platform/axi_ddr_bd_i/bridge/inst/clk_map/psr_aclk/U0/ACTIVE_LOW_BSR_OUT_DFF[0].FDRE_BSR_N/C}		
platform/platform/axi_ddr_bd_i/bridge/inst/s00_nodes/s00_b_node/inst/s_sc_xpm_cdc_async_rst_inst/arststages_ff_reg[0]/CLR	FDCE	1	clk_pll_i	{platform/platform/axi_ddr_bd_i/bridge/inst/clk_map/psr_aclk1/U0/ACTIVE_LOW_BSR_OUT_DFF[0].FDRE_BSR_N/C}		
platform/platform/axi_ddr_bd_i/bridge/inst/s00_nodes/s00_b_node/inst/s_sc_xpm_cdc_async_rst_inst/arststages_ff_reg[1]/CLR	FDCE	1	clk_pll_i	{platform/platform/axi_ddr_bd_i/bridge/inst/clk_map/psr_aclk1/U0/ACTIVE_LOW_BSR_OUT_DFF[0].FDRE_BSR_N/C}		
platform/platform/axi_ddr_bd_i/bridge/inst/s00_nodes/s00_b_node/inst/s_sc_xpm_cdc_async_rst_inst/arststages_ff_reg[2]/CLR	FDCE	1	clk_pll_i	{platform/platform/axi_ddr_bd_i/bridge/inst/clk_map/psr_aclk1/U0/ACTIVE_LOW_BSR_OUT_DFF[0].FDRE_BSR_N/C}		
platform/platform/axi_ddr_bd_i/bridge/inst/s00_nodes/s00_r_node/inst/m_sc_xpm_cdc_async_rst_inst/arststages_ff_reg[0]/CLR	FDCE	1	clk_out1_axi_ddr_bd_clocks_0	{platform/platform/axi_ddr_bd_i/bridge/inst/clk_map/psr_aclk/U0/ACTIVE_LOW_BSR_OUT_DFF[0].FDRE_BSR_N/C}		
platform/platform/axi_ddr_bd_i/bridge/inst/s00_nodes/s00_r_node/inst/m_sc_xpm_cdc_async_rst_inst/arststages_ff_reg[1]/CLR	FDCE	1	clk_out1_axi_ddr_bd_clocks_0	{platform/platform/axi_ddr_bd_i/bridge/inst/clk_map/psr_aclk/U0/ACTIVE_LOW_BSR_OUT_DFF[0].FDRE_BSR_N/C}		
platform/platform/axi_ddr_bd_i/bridge/inst/s00_nodes/s00_r_node/inst/m_sc_xpm_cdc_async_rst_inst/arststages_ff_reg[2]/CLR	FDCE	1	clk_out1_axi_ddr_bd_clocks_0	{platform/platform/axi_ddr_bd_i/bridge/inst/clk_map/psr_aclk/U0/ACTIVE_LOW_BSR_OUT_DFF[0].FDRE_BSR_N/C}		
platform/platform/axi_ddr_bd_i/bridge/inst/s00_nodes/s00_r_node/inst/s_sc_xpm_cdc_async_rst_inst/arststages_ff_reg[0]/CLR	FDCE	1	clk_pll_i	{platform/platform/axi_ddr_bd_i/bridge/inst/clk_map/psr_aclk1/U0/ACTIVE_LOW_BSR_OUT_DFF[0].FDRE_BSR_N/C}		
platform/platform/axi_ddr_bd_i/bridge/inst/s00_nodes/s00_r_node/inst/s_sc_xpm_cdc_async_rst_inst/arststages_ff_reg[1]/CLR	FDCE	1	clk_pll_i	{platform/platform/axi_ddr_bd_i/bridge/inst/clk_map/psr_aclk1/U0/ACTIVE_LOW_BSR_OUT_DFF[0].FDRE_BSR_N/C}		
platform/platform/axi_ddr_bd_i/bridge/inst/s00_nodes/s00_r_node/inst/s_sc_xpm_cdc_async_rst_inst/arststages_ff_reg[2]/CLR	FDCE	1	clk_pll_i	{platform/platform/axi_ddr_bd_i/bridge/inst/clk_map/psr_aclk1/U0/ACTIVE_LOW_BSR_OUT_DFF[0].FDRE_BSR_N/C}		
platform/platform/axi_ddr_bd_i/bridge/inst/s00_nodes/s00_w_node/inst/m_sc_xpm_cdc_async_rst_inst/arststages_ff_reg[0]/CLR	FDCE	1	clk_pll_i	{platform/platform/axi_ddr_bd_i/bridge/inst/clk_map/psr_aclk1/U0/ACTIVE_LOW_BSR_OUT_DFF[0].FDRE_BSR_N/C}		
platform/platform/axi_ddr_bd_i/bridge/inst/s00_nodes/s00_w_node/inst/m_sc_xpm_cdc_async_rst_inst/arststages_ff_reg[1]/CLR	FDCE	1	clk_pll_i	{platform/platform/axi_ddr_bd_i/bridge/inst/clk_map/psr_aclk1/U0/ACTIVE_LOW_BSR_OUT_DFF[0].FDRE_BSR_N/C}		
platform/platform/axi_ddr_bd_i/bridge/inst/s00_nodes/s00_w_node/inst/m_sc_xpm_cdc_async_rst_inst/arststages_ff_reg[2]/CLR	FDCE	1	clk_pll_i	{platform/platform/axi_ddr_bd_i/bridge/inst/clk_map/psr_aclk1/U0/ACTIVE_LOW_BSR_OUT_DFF[0].FDRE_BSR_N/C}		
platform/platform/axi_ddr_bd_i/bridge/inst/s00_nodes/s00_w_node/inst/s_sc_xpm_cdc_async_rst_inst/arststages_ff_reg[0]/CLR	FDCE	1	clk_out1_axi_ddr_bd_clocks_0	{platform/platform/axi_ddr_bd_i/bridge/inst/clk_map/psr_aclk/U0/ACTIVE_LOW_BSR_OUT_DFF[0].FDRE_BSR_N/C}		
platform/platform/axi_ddr_bd_i/bridge/inst/s00_nodes/s00_w_node/inst/s_sc_xpm_cdc_async_rst_inst/arststages_ff_reg[1]/CLR	FDCE	1	clk_out1_axi_ddr_bd_clocks_0	{platform/platform/axi_ddr_bd_i/bridge/inst/clk_map/psr_aclk/U0/ACTIVE_LOW_BSR_OUT_DFF[0].FDRE_BSR_N/C}		
platform/platform/axi_ddr_bd_i/bridge/inst/s00_nodes/s00_w_node/inst/s_sc_xpm_cdc_async_rst_inst/arststages_ff_reg[2]/CLR	FDCE	1	clk_out1_axi_ddr_bd_clocks_0	{platform/platform/axi_ddr_bd_i/bridge/inst/clk_map/psr_aclk/U0/ACTIVE_LOW_BSR_OUT_DFF[0].FDRE_BSR_N/C}		
platform/platform/axi_ddr_bd_i/mig/u_axi_ddr_bd_mig_0_mig/u_ddr2_infrastructure/rstdiv0_sync_r1_reg_rep/PRE	FDPE		clk_pll_i	CPU_RESETN platform/platform/axi_ddr_bd_i/clocks/inst/mmcm_adv_inst/LOCKED platform/platform/axi_ddr_bd_i/mig/u_axi_ddr_bd_mig_0_mig/u_ddr2_infrastructure/gen_mmcm.mmcm_i/LOCKED {platform/platform/axi_ddr_bd_i/mig/u_axi_ddr_bd_mig_0_mig/u_iodelay_ctrl/rst_ref_sync_r_reg[0][14]/C} platform/platform/axi_ddr_bd_i/mig/u_axi_ddr_bd_mig_0_mig/u_memc_ui_top_axi/mem_intfc0/ddr_phy_top0/u_ddr_mc_phy_wrapper/u_ddr_mc_phy/ddr_phy_4lanes_0.u_ddr_phy_4lanes/phaser_ref_i/LOCKED		
platform/platform/axi_ddr_bd_i/mig/u_axi_ddr_bd_mig_0_mig/u_ddr2_infrastructure/rstdiv0_sync_r1_reg_rep__0/PRE	FDPE		clk_pll_i	CPU_RESETN platform/platform/axi_ddr_bd_i/clocks/inst/mmcm_adv_inst/LOCKED platform/platform/axi_ddr_bd_i/mig/u_axi_ddr_bd_mig_0_mig/u_ddr2_infrastructure/gen_mmcm.mmcm_i/LOCKED {platform/platform/axi_ddr_bd_i/mig/u_axi_ddr_bd_mig_0_mig/u_iodelay_ctrl/rst_ref_sync_r_reg[0][14]/C} platform/platform/axi_ddr_bd_i/mig/u_axi_ddr_bd_mig_0_mig/u_memc_ui_top_axi/mem_intfc0/ddr_phy_top0/u_ddr_mc_phy_wrapper/u_ddr_mc_phy/ddr_phy_4lanes_0.u_ddr_phy_4lanes/phaser_ref_i/LOCKED		
platform/platform/axi_ddr_bd_i/mig/u_axi_ddr_bd_mig_0_mig/u_ddr2_infrastructure/rstdiv0_sync_r1_reg_rep__1/PRE	FDPE		clk_pll_i	CPU_RESETN platform/platform/axi_ddr_bd_i/clocks/inst/mmcm_adv_inst/LOCKED platform/platform/axi_ddr_bd_i/mig/u_axi_ddr_bd_mig_0_mig/u_ddr2_infrastructure/gen_mmcm.mmcm_i/LOCKED {platform/platform/axi_ddr_bd_i/mig/u_axi_ddr_bd_mig_0_mig/u_iodelay_ctrl/rst_ref_sync_r_reg[0][14]/C} platform/platform/axi_ddr_bd_i/mig/u_axi_ddr_bd_mig_0_mig/u_memc_ui_top_axi/mem_intfc0/ddr_phy_top0/u_ddr_mc_phy_wrapper/u_ddr_mc_phy/ddr_phy_4lanes_0.u_ddr_phy_4lanes/phaser_ref_i/LOCKED		
platform/platform/axi_ddr_bd_i/mig/u_axi_ddr_bd_mig_0_mig/u_ddr2_infrastructure/rstdiv0_sync_r1_reg_rep__10/PRE	FDPE		clk_pll_i	CPU_RESETN platform/platform/axi_ddr_bd_i/clocks/inst/mmcm_adv_inst/LOCKED platform/platform/axi_ddr_bd_i/mig/u_axi_ddr_bd_mig_0_mig/u_ddr2_infrastructure/gen_mmcm.mmcm_i/LOCKED {platform/platform/axi_ddr_bd_i/mig/u_axi_ddr_bd_mig_0_mig/u_iodelay_ctrl/rst_ref_sync_r_reg[0][14]/C} platform/platform/axi_ddr_bd_i/mig/u_axi_ddr_bd_mig_0_mig/u_memc_ui_top_axi/mem_intfc0/ddr_phy_top0/u_ddr_mc_phy_wrapper/u_ddr_mc_phy/ddr_phy_4lanes_0.u_ddr_phy_4lanes/phaser_ref_i/LOCKED		
platform/platform/axi_ddr_bd_i/mig/u_axi_ddr_bd_mig_0_mig/u_ddr2_infrastructure/rstdiv0_sync_r1_reg_rep__11/PRE	FDPE		clk_pll_i	CPU_RESETN platform/platform/axi_ddr_bd_i/clocks/inst/mmcm_adv_inst/LOCKED platform/platform/axi_ddr_bd_i/mig/u_axi_ddr_bd_mig_0_mig/u_ddr2_infrastructure/gen_mmcm.mmcm_i/LOCKED {platform/platform/axi_ddr_bd_i/mig/u_axi_ddr_bd_mig_0_mig/u_iodelay_ctrl/rst_ref_sync_r_reg[0][14]/C} platform/platform/axi_ddr_bd_i/mig/u_axi_ddr_bd_mig_0_mig/u_memc_ui_top_axi/mem_intfc0/ddr_phy_top0/u_ddr_mc_phy_wrapper/u_ddr_mc_phy/ddr_phy_4lanes_0.u_ddr_phy_4lanes/phaser_ref_i/LOCKED		
platform/platform/axi_ddr_bd_i/mig/u_axi_ddr_bd_mig_0_mig/u_ddr2_infrastructure/rstdiv0_sync_r1_reg_rep__12/PRE	FDPE		clk_pll_i	CPU_RESETN platform/platform/axi_ddr_bd_i/clocks/inst/mmcm_adv_inst/LOCKED platform/platform/axi_ddr_bd_i/mig/u_axi_ddr_bd_mig_0_mig/u_ddr2_infrastructure/gen_mmcm.mmcm_i/LOCKED {platform/platform/axi_ddr_bd_i/mig/u_axi_ddr_bd_mig_0_mig/u_iodelay_ctrl/rst_ref_sync_r_reg[0][14]/C} platform/platform/axi_ddr_bd_i/mig/u_axi_ddr_bd_mig_0_mig/u_memc_ui_top_axi/mem_intfc0/ddr_phy_top0/u_ddr_mc_phy_wrapper/u_ddr_mc_phy/ddr_phy_4lanes_0.u_ddr_phy_4lanes/phaser_ref_i/LOCKED		
platform/platform/axi_ddr_bd_i/mig/u_axi_ddr_bd_mig_0_mig/u_ddr2_infrastructure/rstdiv0_sync_r1_reg_rep__13/PRE	FDPE		clk_pll_i	CPU_RESETN platform/platform/axi_ddr_bd_i/clocks/inst/mmcm_adv_inst/LOCKED platform/platform/axi_ddr_bd_i/mig/u_axi_ddr_bd_mig_0_mig/u_ddr2_infrastructure/gen_mmcm.mmcm_i/LOCKED {platform/platform/axi_ddr_bd_i/mig/u_axi_ddr_bd_mig_0_mig/u_iodelay_ctrl/rst_ref_sync_r_reg[0][14]/C} platform/platform/axi_ddr_bd_i/mig/u_axi_ddr_bd_mig_0_mig/u_memc_ui_top_axi/mem_intfc0/ddr_phy_top0/u_ddr_mc_phy_wrapper/u_ddr_mc_phy/ddr_phy_4lanes_0.u_ddr_phy_4lanes/phaser_ref_i/LOCKED		
platform/platform/axi_ddr_bd_i/mig/u_axi_ddr_bd_mig_0_mig/u_ddr2_infrastructure/rstdiv0_sync_r1_reg_rep__14/PRE	FDPE		clk_pll_i	CPU_RESETN platform/platform/axi_ddr_bd_i/clocks/inst/mmcm_adv_inst/LOCKED platform/platform/axi_ddr_bd_i/mig/u_axi_ddr_bd_mig_0_mig/u_ddr2_infrastructure/gen_mmcm.mmcm_i/LOCKED {platform/platform/axi_ddr_bd_i/mig/u_axi_ddr_bd_mig_0_mig/u_iodelay_ctrl/rst_ref_sync_r_reg[0][14]/C} platform/platform/axi_ddr_bd_i/mig/u_axi_ddr_bd_mig_0_mig/u_memc_ui_top_axi/mem_intfc0/ddr_phy_top0/u_ddr_mc_phy_wrapper/u_ddr_mc_phy/ddr_phy_4lanes_0.u_ddr_phy_4lanes/phaser_ref_i/LOCKED		
platform/platform/axi_ddr_bd_i/mig/u_axi_ddr_bd_mig_0_mig/u_ddr2_infrastructure/rstdiv0_sync_r1_reg_rep__2/PRE	FDPE		clk_pll_i	CPU_RESETN platform/platform/axi_ddr_bd_i/clocks/inst/mmcm_adv_inst/LOCKED platform/platform/axi_ddr_bd_i/mig/u_axi_ddr_bd_mig_0_mig/u_ddr2_infrastructure/gen_mmcm.mmcm_i/LOCKED {platform/platform/axi_ddr_bd_i/mig/u_axi_ddr_bd_mig_0_mig/u_iodelay_ctrl/rst_ref_sync_r_reg[0][14]/C} platform/platform/axi_ddr_bd_i/mig/u_axi_ddr_bd_mig_0_mig/u_memc_ui_top_axi/mem_intfc0/ddr_phy_top0/u_ddr_mc_phy_wrapper/u_ddr_mc_phy/ddr_phy_4lanes_0.u_ddr_phy_4lanes/phaser_ref_i/LOCKED		
platform/platform/axi_ddr_bd_i/mig/u_axi_ddr_bd_mig_0_mig/u_ddr2_infrastructure/rstdiv0_sync_r1_reg_rep__3/PRE	FDPE		clk_pll_i	CPU_RESETN platform/platform/axi_ddr_bd_i/clocks/inst/mmcm_adv_inst/LOCKED platform/platform/axi_ddr_bd_i/mig/u_axi_ddr_bd_mig_0_mig/u_ddr2_infrastructure/gen_mmcm.mmcm_i/LOCKED {platform/platform/axi_ddr_bd_i/mig/u_axi_ddr_bd_mig_0_mig/u_iodelay_ctrl/rst_ref_sync_r_reg[0][14]/C} platform/platform/axi_ddr_bd_i/mig/u_axi_ddr_bd_mig_0_mig/u_memc_ui_top_axi/mem_intfc0/ddr_phy_top0/u_ddr_mc_phy_wrapper/u_ddr_mc_phy/ddr_phy_4lanes_0.u_ddr_phy_4lanes/phaser_ref_i/LOCKED		
platform/platform/axi_ddr_bd_i/mig/u_axi_ddr_bd_mig_0_mig/u_ddr2_infrastructure/rstdiv0_sync_r1_reg_rep__4/PRE	FDPE		clk_pll_i	CPU_RESETN platform/platform/axi_ddr_bd_i/clocks/inst/mmcm_adv_inst/LOCKED platform/platform/axi_ddr_bd_i/mig/u_axi_ddr_bd_mig_0_mig/u_ddr2_infrastructure/gen_mmcm.mmcm_i/LOCKED {platform/platform/axi_ddr_bd_i/mig/u_axi_ddr_bd_mig_0_mig/u_iodelay_ctrl/rst_ref_sync_r_reg[0][14]/C} platform/platform/axi_ddr_bd_i/mig/u_axi_ddr_bd_mig_0_mig/u_memc_ui_top_axi/mem_intfc0/ddr_phy_top0/u_ddr_mc_phy_wrapper/u_ddr_mc_phy/ddr_phy_4lanes_0.u_ddr_phy_4lanes/phaser_ref_i/LOCKED		
platform/platform/axi_ddr_bd_i/mig/u_axi_ddr_bd_mig_0_mig/u_ddr2_infrastructure/rstdiv0_sync_r1_reg_rep__5/PRE	FDPE		clk_pll_i	CPU_RESETN platform/platform/axi_ddr_bd_i/clocks/inst/mmcm_adv_inst/LOCKED platform/platform/axi_ddr_bd_i/mig/u_axi_ddr_bd_mig_0_mig/u_ddr2_infrastructure/gen_mmcm.mmcm_i/LOCKED {platform/platform/axi_ddr_bd_i/mig/u_axi_ddr_bd_mig_0_mig/u_iodelay_ctrl/rst_ref_sync_r_reg[0][14]/C} platform/platform/axi_ddr_bd_i/mig/u_axi_ddr_bd_mig_0_mig/u_memc_ui_top_axi/mem_intfc0/ddr_phy_top0/u_ddr_mc_phy_wrapper/u_ddr_mc_phy/ddr_phy_4lanes_0.u_ddr_phy_4lanes/phaser_ref_i/LOCKED		
platform/platform/axi_ddr_bd_i/mig/u_axi_ddr_bd_mig_0_mig/u_ddr2_infrastructure/rstdiv0_sync_r1_reg_rep__6/PRE	FDPE		clk_pll_i	CPU_RESETN platform/platform/axi_ddr_bd_i/clocks/inst/mmcm_adv_inst/LOCKED platform/platform/axi_ddr_bd_i/mig/u_axi_ddr_bd_mig_0_mig/u_ddr2_infrastructure/gen_mmcm.mmcm_i/LOCKED {platform/platform/axi_ddr_bd_i/mig/u_axi_ddr_bd_mig_0_mig/u_iodelay_ctrl/rst_ref_sync_r_reg[0][14]/C} platform/platform/axi_ddr_bd_i/mig/u_axi_ddr_bd_mig_0_mig/u_memc_ui_top_axi/mem_intfc0/ddr_phy_top0/u_ddr_mc_phy_wrapper/u_ddr_mc_phy/ddr_phy_4lanes_0.u_ddr_phy_4lanes/phaser_ref_i/LOCKED		
platform/platform/axi_ddr_bd_i/mig/u_axi_ddr_bd_mig_0_mig/u_ddr2_infrastructure/rstdiv0_sync_r1_reg_rep__7/PRE	FDPE		clk_pll_i	CPU_RESETN platform/platform/axi_ddr_bd_i/clocks/inst/mmcm_adv_inst/LOCKED platform/platform/axi_ddr_bd_i/mig/u_axi_ddr_bd_mig_0_mig/u_ddr2_infrastructure/gen_mmcm.mmcm_i/LOCKED {platform/platform/axi_ddr_bd_i/mig/u_axi_ddr_bd_mig_0_mig/u_iodelay_ctrl/rst_ref_sync_r_reg[0][14]/C} platform/platform/axi_ddr_bd_i/mig/u_axi_ddr_bd_mig_0_mig/u_memc_ui_top_axi/mem_intfc0/ddr_phy_top0/u_ddr_mc_phy_wrapper/u_ddr_mc_phy/ddr_phy_4lanes_0.u_ddr_phy_4lanes/phaser_ref_i/LOCKED		
platform/platform/axi_ddr_bd_i/mig/u_axi_ddr_bd_mig_0_mig/u_ddr2_infrastructure/rstdiv0_sync_r1_reg_rep__8/PRE	FDPE		clk_pll_i	CPU_RESETN platform/platform/axi_ddr_bd_i/clocks/inst/mmcm_adv_inst/LOCKED platform/platform/axi_ddr_bd_i/mig/u_axi_ddr_bd_mig_0_mig/u_ddr2_infrastructure/gen_mmcm.mmcm_i/LOCKED {platform/platform/axi_ddr_bd_i/mig/u_axi_ddr_bd_mig_0_mig/u_iodelay_ctrl/rst_ref_sync_r_reg[0][14]/C} platform/platform/axi_ddr_bd_i/mig/u_axi_ddr_bd_mig_0_mig/u_memc_ui_top_axi/mem_intfc0/ddr_phy_top0/u_ddr_mc_phy_wrapper/u_ddr_mc_phy/ddr_phy_4lanes_0.u_ddr_phy_4lanes/phaser_ref_i/LOCKED		
platform/platform/axi_ddr_bd_i/mig/u_axi_ddr_bd_mig_0_mig/u_ddr2_infrastructure/rstdiv0_sync_r1_reg_rep__9/PRE	FDPE		clk_pll_i	CPU_RESETN platform/platform/axi_ddr_bd_i/clocks/inst/mmcm_adv_inst/LOCKED platform/platform/axi_ddr_bd_i/mig/u_axi_ddr_bd_mig_0_mig/u_ddr2_infrastructure/gen_mmcm.mmcm_i/LOCKED {platform/platform/axi_ddr_bd_i/mig/u_axi_ddr_bd_mig_0_mig/u_iodelay_ctrl/rst_ref_sync_r_reg[0][14]/C} platform/platform/axi_ddr_bd_i/mig/u_axi_ddr_bd_mig_0_mig/u_memc_ui_top_axi/mem_intfc0/ddr_phy_top0/u_ddr_mc_phy_wrapper/u_ddr_mc_phy/ddr_phy_4lanes_0.u_ddr_phy_4lanes/phaser_ref_i/LOCKED		
platform/platform/axi_ddr_bd_i/mig/u_axi_ddr_bd_mig_0_mig/u_ddr2_infrastructure/rstdiv0_sync_r_reg[0]/PRE	FDPE		clk_pll_i	CPU_RESETN platform/platform/axi_ddr_bd_i/clocks/inst/mmcm_adv_inst/LOCKED platform/platform/axi_ddr_bd_i/mig/u_axi_ddr_bd_mig_0_mig/u_ddr2_infrastructure/gen_mmcm.mmcm_i/LOCKED {platform/platform/axi_ddr_bd_i/mig/u_axi_ddr_bd_mig_0_mig/u_iodelay_ctrl/rst_ref_sync_r_reg[0][14]/C} platform/platform/axi_ddr_bd_i/mig/u_axi_ddr_bd_mig_0_mig/u_memc_ui_top_axi/mem_intfc0/ddr_phy_top0/u_ddr_mc_phy_wrapper/u_ddr_mc_phy/ddr_phy_4lanes_0.u_ddr_phy_4lanes/phaser_ref_i/LOCKED		
platform/platform/axi_ddr_bd_i/mig/u_axi_ddr_bd_mig_0_mig/u_ddr2_infrastructure/rstdiv0_sync_r_reg[10]/PRE	FDPE		clk_pll_i	CPU_RESETN platform/platform/axi_ddr_bd_i/clocks/inst/mmcm_adv_inst/LOCKED platform/platform/axi_ddr_bd_i/mig/u_axi_ddr_bd_mig_0_mig/u_ddr2_infrastructure/gen_mmcm.mmcm_i/LOCKED {platform/platform/axi_ddr_bd_i/mig/u_axi_ddr_bd_mig_0_mig/u_iodelay_ctrl/rst_ref_sync_r_reg[0][14]/C} platform/platform/axi_ddr_bd_i/mig/u_axi_ddr_bd_mig_0_mig/u_memc_ui_top_axi/mem_intfc0/ddr_phy_top0/u_ddr_mc_phy_wrapper/u_ddr_mc_phy/ddr_phy_4lanes_0.u_ddr_phy_4lanes/phaser_ref_i/LOCKED		
platform/platform/axi_ddr_bd_i/mig/u_axi_ddr_bd_mig_0_mig/u_ddr2_infrastructure/rstdiv0_sync_r_reg[11]/PRE	FDPE		clk_pll_i	CPU_RESETN platform/platform/axi_ddr_bd_i/clocks/inst/mmcm_adv_inst/LOCKED platform/platform/axi_ddr_bd_i/mig/u_axi_ddr_bd_mig_0_mig/u_ddr2_infrastructure/gen_mmcm.mmcm_i/LOCKED {platform/platform/axi_ddr_bd_i/mig/u_axi_ddr_bd_mig_0_mig/u_iodelay_ctrl/rst_ref_sync_r_reg[0][14]/C} platform/platform/axi_ddr_bd_i/mig/u_axi_ddr_bd_mig_0_mig/u_memc_ui_top_axi/mem_intfc0/ddr_phy_top0/u_ddr_mc_phy_wrapper/u_ddr_mc_phy/ddr_phy_4lanes_0.u_ddr_phy_4lanes/phaser_ref_i/LOCKED		
platform/platform/axi_ddr_bd_i/mig/u_axi_ddr_bd_mig_0_mig/u_ddr2_infrastructure/rstdiv0_sync_r_reg[1]/PRE	FDPE		clk_pll_i	CPU_RESETN platform/platform/axi_ddr_bd_i/clocks/inst/mmcm_adv_inst/LOCKED platform/platform/axi_ddr_bd_i/mig/u_axi_ddr_bd_mig_0_mig/u_ddr2_infrastructure/gen_mmcm.mmcm_i/LOCKED {platform/platform/axi_ddr_bd_i/mig/u_axi_ddr_bd_mig_0_mig/u_iodelay_ctrl/rst_ref_sync_r_reg[0][14]/C} platform/platform/axi_ddr_bd_i/mig/u_axi_ddr_bd_mig_0_mig/u_memc_ui_top_axi/mem_intfc0/ddr_phy_top0/u_ddr_mc_phy_wrapper/u_ddr_mc_phy/ddr_phy_4lanes_0.u_ddr_phy_4lanes/phaser_ref_i/LOCKED		
platform/platform/axi_ddr_bd_i/mig/u_axi_ddr_bd_mig_0_mig/u_ddr2_infrastructure/rstdiv0_sync_r_reg[2]/PRE	FDPE		clk_pll_i	CPU_RESETN platform/platform/axi_ddr_bd_i/clocks/inst/mmcm_adv_inst/LOCKED platform/platform/axi_ddr_bd_i/mig/u_axi_ddr_bd_mig_0_mig/u_ddr2_infrastructure/gen_mmcm.mmcm_i/LOCKED {platform/platform/axi_ddr_bd_i/mig/u_axi_ddr_bd_mig_0_mig/u_iodelay_ctrl/rst_ref_sync_r_reg[0][14]/C} platform/platform/axi_ddr_bd_i/mig/u_axi_ddr_bd_mig_0_mig/u_memc_ui_top_axi/mem_intfc0/ddr_phy_top0/u_ddr_mc_phy_wrapper/u_ddr_mc_phy/ddr_phy_4lanes_0.u_ddr_phy_4lanes/phaser_ref_i/LOCKED		
platform/platform/axi_ddr_bd_i/mig/u_axi_ddr_bd_mig_0_mig/u_ddr2_infrastructure/rstdiv0_sync_r_reg[3]/PRE	FDPE		clk_pll_i	CPU_RESETN platform/platform/axi_ddr_bd_i/clocks/inst/mmcm_adv_inst/LOCKED platform/platform/axi_ddr_bd_i/mig/u_axi_ddr_bd_mig_0_mig/u_ddr2_infrastructure/gen_mmcm.mmcm_i/LOCKED {platform/platform/axi_ddr_bd_i/mig/u_axi_ddr_bd_mig_0_mig/u_iodelay_ctrl/rst_ref_sync_r_reg[0][14]/C} platform/platform/axi_ddr_bd_i/mig/u_axi_ddr_bd_mig_0_mig/u_memc_ui_top_axi/mem_intfc0/ddr_phy_top0/u_ddr_mc_phy_wrapper/u_ddr_mc_phy/ddr_phy_4lanes_0.u_ddr_phy_4lanes/phaser_ref_i/LOCKED		
platform/platform/axi_ddr_bd_i/mig/u_axi_ddr_bd_mig_0_mig/u_ddr2_infrastructure/rstdiv0_sync_r_reg[4]/PRE	FDPE		clk_pll_i	CPU_RESETN platform/platform/axi_ddr_bd_i/clocks/inst/mmcm_adv_inst/LOCKED platform/platform/axi_ddr_bd_i/mig/u_axi_ddr_bd_mig_0_mig/u_ddr2_infrastructure/gen_mmcm.mmcm_i/LOCKED {platform/platform/axi_ddr_bd_i/mig/u_axi_ddr_bd_mig_0_mig/u_iodelay_ctrl/rst_ref_sync_r_reg[0][14]/C} platform/platform/axi_ddr_bd_i/mig/u_axi_ddr_bd_mig_0_mig/u_memc_ui_top_axi/mem_intfc0/ddr_phy_top0/u_ddr_mc_phy_wrapper/u_ddr_mc_phy/ddr_phy_4lanes_0.u_ddr_phy_4lanes/phaser_ref_i/LOCKED		
platform/platform/axi_ddr_bd_i/mig/u_axi_ddr_bd_mig_0_mig/u_ddr2_infrastructure/rstdiv0_sync_r_reg[5]/PRE	FDPE		clk_pll_i	CPU_RESETN platform/platform/axi_ddr_bd_i/clocks/inst/mmcm_adv_inst/LOCKED platform/platform/axi_ddr_bd_i/mig/u_axi_ddr_bd_mig_0_mig/u_ddr2_infrastructure/gen_mmcm.mmcm_i/LOCKED {platform/platform/axi_ddr_bd_i/mig/u_axi_ddr_bd_mig_0_mig/u_iodelay_ctrl/rst_ref_sync_r_reg[0][14]/C} platform/platform/axi_ddr_bd_i/mig/u_axi_ddr_bd_mig_0_mig/u_memc_ui_top_axi/mem_intfc0/ddr_phy_top0/u_ddr_mc_phy_wrapper/u_ddr_mc_phy/ddr_phy_4lanes_0.u_ddr_phy_4lanes/phaser_ref_i/LOCKED		
platform/platform/axi_ddr_bd_i/mig/u_axi_ddr_bd_mig_0_mig/u_ddr2_infrastructure/rstdiv0_sync_r_reg[6]/PRE	FDPE		clk_pll_i	CPU_RESETN platform/platform/axi_ddr_bd_i/clocks/inst/mmcm_adv_inst/LOCKED platform/platform/axi_ddr_bd_i/mig/u_axi_ddr_bd_mig_0_mig/u_ddr2_infrastructure/gen_mmcm.mmcm_i/LOCKED {platform/platform/axi_ddr_bd_i/mig/u_axi_ddr_bd_mig_0_mig/u_iodelay_ctrl/rst_ref_sync_r_reg[0][14]/C} platform/platform/axi_ddr_bd_i/mig/u_axi_ddr_bd_mig_0_mig/u_memc_ui_top_axi/mem_intfc0/ddr_phy_top0/u_ddr_mc_phy_wrapper/u_ddr_mc_phy/ddr_phy_4lanes_0.u_ddr_phy_4lanes/phaser_ref_i/LOCKED		
platform/platform/axi_ddr_bd_i/mig/u_axi_ddr_bd_mig_0_mig/u_ddr2_infrastructure/rstdiv0_sync_r_reg[7]/PRE	FDPE		clk_pll_i	CPU_RESETN platform/platform/axi_ddr_bd_i/clocks/inst/mmcm_adv_inst/LOCKED platform/platform/axi_ddr_bd_i/mig/u_axi_ddr_bd_mig_0_mig/u_ddr2_infrastructure/gen_mmcm.mmcm_i/LOCKED {platform/platform/axi_ddr_bd_i/mig/u_axi_ddr_bd_mig_0_mig/u_iodelay_ctrl/rst_ref_sync_r_reg[0][14]/C} platform/platform/axi_ddr_bd_i/mig/u_axi_ddr_bd_mig_0_mig/u_memc_ui_top_axi/mem_intfc0/ddr_phy_top0/u_ddr_mc_phy_wrapper/u_ddr_mc_phy/ddr_phy_4lanes_0.u_ddr_phy_4lanes/phaser_ref_i/LOCKED		
platform/platform/axi_ddr_bd_i/mig/u_axi_ddr_bd_mig_0_mig/u_ddr2_infrastructure/rstdiv0_sync_r_reg[8]/PRE	FDPE		clk_pll_i	CPU_RESETN platform/platform/axi_ddr_bd_i/clocks/inst/mmcm_adv_inst/LOCKED platform/platform/axi_ddr_bd_i/mig/u_axi_ddr_bd_mig_0_mig/u_ddr2_infrastructure/gen_mmcm.mmcm_i/LOCKED {platform/platform/axi_ddr_bd_i/mig/u_axi_ddr_bd_mig_0_mig/u_iodelay_ctrl/rst_ref_sync_r_reg[0][14]/C} platform/platform/axi_ddr_bd_i/mig/u_axi_ddr_bd_mig_0_mig/u_memc_ui_top_axi/mem_intfc0/ddr_phy_top0/u_ddr_mc_phy_wrapper/u_ddr_mc_phy/ddr_phy_4lanes_0.u_ddr_phy_4lanes/phaser_ref_i/LOCKED		
platform/platform/axi_ddr_bd_i/mig/u_axi_ddr_bd_mig_0_mig/u_ddr2_infrastructure/rstdiv0_sync_r_reg[9]/PRE	FDPE		clk_pll_i	CPU_RESETN platform/platform/axi_ddr_bd_i/clocks/inst/mmcm_adv_inst/LOCKED platform/platform/axi_ddr_bd_i/mig/u_axi_ddr_bd_mig_0_mig/u_ddr2_infrastructure/gen_mmcm.mmcm_i/LOCKED {platform/platform/axi_ddr_bd_i/mig/u_axi_ddr_bd_mig_0_mig/u_iodelay_ctrl/rst_ref_sync_r_reg[0][14]/C} platform/platform/axi_ddr_bd_i/mig/u_axi_ddr_bd_mig_0_mig/u_memc_ui_top_axi/mem_intfc0/ddr_phy_top0/u_ddr_mc_phy_wrapper/u_ddr_mc_phy/ddr_phy_4lanes_0.u_ddr_phy_4lanes/phaser_ref_i/LOCKED		
platform/platform/axi_ddr_bd_i/mig/u_axi_ddr_bd_mig_0_mig/u_iodelay_ctrl/rst_ref_sync_r_reg[0][0]/PRE	FDPE		clk_out2_axi_ddr_bd_clocks_0	CPU_RESETN platform/platform/axi_ddr_bd_i/clocks/inst/mmcm_adv_inst/LOCKED		
platform/platform/axi_ddr_bd_i/mig/u_axi_ddr_bd_mig_0_mig/u_iodelay_ctrl/rst_ref_sync_r_reg[0][10]/PRE	FDPE		clk_out2_axi_ddr_bd_clocks_0	CPU_RESETN platform/platform/axi_ddr_bd_i/clocks/inst/mmcm_adv_inst/LOCKED		
platform/platform/axi_ddr_bd_i/mig/u_axi_ddr_bd_mig_0_mig/u_iodelay_ctrl/rst_ref_sync_r_reg[0][11]/PRE	FDPE		clk_out2_axi_ddr_bd_clocks_0	CPU_RESETN platform/platform/axi_ddr_bd_i/clocks/inst/mmcm_adv_inst/LOCKED		
platform/platform/axi_ddr_bd_i/mig/u_axi_ddr_bd_mig_0_mig/u_iodelay_ctrl/rst_ref_sync_r_reg[0][12]/PRE	FDPE		clk_out2_axi_ddr_bd_clocks_0	CPU_RESETN platform/platform/axi_ddr_bd_i/clocks/inst/mmcm_adv_inst/LOCKED		
platform/platform/axi_ddr_bd_i/mig/u_axi_ddr_bd_mig_0_mig/u_iodelay_ctrl/rst_ref_sync_r_reg[0][13]/PRE	FDPE		clk_out2_axi_ddr_bd_clocks_0	CPU_RESETN platform/platform/axi_ddr_bd_i/clocks/inst/mmcm_adv_inst/LOCKED		
platform/platform/axi_ddr_bd_i/mig/u_axi_ddr_bd_mig_0_mig/u_iodelay_ctrl/rst_ref_sync_r_reg[0][14]/PRE	FDPE		clk_out2_axi_ddr_bd_clocks_0	CPU_RESETN platform/platform/axi_ddr_bd_i/clocks/inst/mmcm_adv_inst/LOCKED		
platform/platform/axi_ddr_bd_i/mig/u_axi_ddr_bd_mig_0_mig/u_iodelay_ctrl/rst_ref_sync_r_reg[0][1]/PRE	FDPE		clk_out2_axi_ddr_bd_clocks_0	CPU_RESETN platform/platform/axi_ddr_bd_i/clocks/inst/mmcm_adv_inst/LOCKED		
platform/platform/axi_ddr_bd_i/mig/u_axi_ddr_bd_mig_0_mig/u_iodelay_ctrl/rst_ref_sync_r_reg[0][2]/PRE	FDPE		clk_out2_axi_ddr_bd_clocks_0	CPU_RESETN platform/platform/axi_ddr_bd_i/clocks/inst/mmcm_adv_inst/LOCKED		
platform/platform/axi_ddr_bd_i/mig/u_axi_ddr_bd_mig_0_mig/u_iodelay_ctrl/rst_ref_sync_r_reg[0][3]/PRE	FDPE		clk_out2_axi_ddr_bd_clocks_0	CPU_RESETN platform/platform/axi_ddr_bd_i/clocks/inst/mmcm_adv_inst/LOCKED		
platform/platform/axi_ddr_bd_i/mig/u_axi_ddr_bd_mig_0_mig/u_iodelay_ctrl/rst_ref_sync_r_reg[0][4]/PRE	FDPE		clk_out2_axi_ddr_bd_clocks_0	CPU_RESETN platform/platform/axi_ddr_bd_i/clocks/inst/mmcm_adv_inst/LOCKED		
platform/platform/axi_ddr_bd_i/mig/u_axi_ddr_bd_mig_0_mig/u_iodelay_ctrl/rst_ref_sync_r_reg[0][5]/PRE	FDPE		clk_out2_axi_ddr_bd_clocks_0	CPU_RESETN platform/platform/axi_ddr_bd_i/clocks/inst/mmcm_adv_inst/LOCKED		
platform/platform/axi_ddr_bd_i/mig/u_axi_ddr_bd_mig_0_mig/u_iodelay_ctrl/rst_ref_sync_r_reg[0][6]/PRE	FDPE		clk_out2_axi_ddr_bd_clocks_0	CPU_RESETN platform/platform/axi_ddr_bd_i/clocks/inst/mmcm_adv_inst/LOCKED		
platform/platform/axi_ddr_bd_i/mig/u_axi_ddr_bd_mig_0_mig/u_iodelay_ctrl/rst_ref_sync_r_reg[0][7]/PRE	FDPE		clk_out2_axi_ddr_bd_clocks_0	CPU_RESETN platform/platform/axi_ddr_bd_i/clocks/inst/mmcm_adv_inst/LOCKED		
platform/platform/axi_ddr_bd_i/mig/u_axi_ddr_bd_mig_0_mig/u_iodelay_ctrl/rst_ref_sync_r_reg[0][8]/PRE	FDPE		clk_out2_axi_ddr_bd_clocks_0	CPU_RESETN platform/platform/axi_ddr_bd_i/clocks/inst/mmcm_adv_inst/LOCKED		
platform/platform/axi_ddr_bd_i/mig/u_axi_ddr_bd_mig_0_mig/u_iodelay_ctrl/rst_ref_sync_r_reg[0][9]/PRE	FDPE		clk_out2_axi_ddr_bd_clocks_0	CPU_RESETN platform/platform/axi_ddr_bd_i/clocks/inst/mmcm_adv_inst/LOCKED		
platform/platform/axi_ddr_bd_i/mig/u_axi_ddr_bd_mig_0_mig/u_memc_ui_top_axi/mem_intfc0/ddr_phy_top0/u_ddr_mc_phy_wrapper/u_ddr_mc_phy/ddr_phy_4lanes_0.u_ddr_phy_4lanes/rst_out_reg/CLR	FDCE		clk_pll_i	platform/platform/axi_ddr_bd_i/mig/u_axi_ddr_bd_mig_0_mig/u_ddr2_infrastructure/rstdiv0_sync_r1_reg_rep/C	14.203	2.482
