record_kind,case_index,case_name,m,n,k,seed,repetitions,before_job_cycles_min,before_job_cycles_median,before_job_cycles_max,before_useful_gops_min,before_useful_gops_median,before_useful_gops_max,after_job_cycles_min,after_job_cycles_median,after_job_cycles_max,after_useful_gops_min,after_useful_gops_median,after_useful_gops_max,median_cycles_saved,median_cycle_speedup,repetition,input_residency,cycles_saved,before_job_cycles,before_compute_cycles,before_read_beats,before_write_beats,before_write_valid_bytes,before_input_wait_cycles,before_read_stall_cycles,before_write_stall_cycles,before_useful_gops,after_job_cycles,after_compute_cycles,after_read_beats,after_write_beats,after_write_valid_bytes,after_input_wait_cycles,after_read_stall_cycles,after_write_stall_cycles,after_useful_gops
case_summary,0,signed_scalar,1,1,1,20261002,3,205,206,206,0.000970873786407767,0.000970873786407767,0.000975609756097561,203,203,210,0.0009523809523809524,0.0009852216748768472,0.0009852216748768472,3,1.0147783251231528,,,,,,,,,,,,,,,,,,,,,
case_summary,1,signed_extremes,1,2,256,20261003,3,919,923,924,0.11082251082251082,0.11094257854821235,0.11142546245919478,920,923,951,0.10767613038906415,0.11094257854821235,0.11130434782608695,0,1.0,,,,,,,,,,,,,,,,,,,,,
case_summary,2,odd_tail,5,3,9,20261004,3,848,852,865,0.031213872832369944,0.03169014084507042,0.031839622641509434,838,839,842,0.032066508313539195,0.03218116805721097,0.03221957040572792,13,1.0154946364719906,,,,,,,,,,,,,,,,,,,,,
case_summary,3,column_tile_boundary,31,33,17,20261005,3,14419,14446,14462,0.240506154058913,0.2407725321888412,0.24122338581038907,13905,13926,13971,0.24895855701095126,0.24976303317535548,0.25014023732470336,520,1.0373402269136867,,,,,,,,,,,,,,,,,,,,,
case_summary,4,multi_tile_kmax,33,35,256,20261006,3,55601,55610,55653,1.0625842272653765,1.06340586225499,1.063577993201561,54949,54982,55022,1.0747700919632146,1.0755519988359827,1.0761979289886987,628,1.0114219199010586,,,,,,,,,,,,,,,,,,,,,
case_summary,5,asymmetric_k255,65,63,255,20261007,3,155879,155914,155958,1.339110529758012,1.3394884359326296,1.3397891954657137,153697,153807,153848,1.3574762102854767,1.357838069788761,1.3588098661652472,2107,1.0136989863920367,,,,,,,,,,,,,,,,,,,,,
case_summary,6,resident_dense,32,32,256,20261008,30,34577,34637.0,34673,1.512092983012719,1.5136645783410805,1.5162911762154032,34027,34082.0,34175,1.5341272860277981,1.5383134805802376,1.540799952978517,555.0,1.0162842556188016,,,,,,,,,,,,,,,,,,,,,
dense_repetition,6,resident_dense,32,32,256,20261008,,,,,,,,,,,,,,,,0,uploaded,539,34635,17088,2048,512,4096,13176,0,66,1.5137519849862855,34096,17088,2048,512,4096,13195,0,66,1.5376818395119662
dense_repetition,6,resident_dense,32,32,256,20261008,,,,,,,,,,,,,,,,1,ddr_reused,514,34613,17088,2048,512,4096,13146,0,66,1.514714124750816,34099,17088,2048,512,4096,13198,0,66,1.5375465556174668
dense_repetition,6,resident_dense,32,32,256,20261008,,,,,,,,,,,,,,,,2,ddr_reused,462,34636,17088,2048,512,4096,13179,0,66,1.5137082804018942,34174,17088,2048,512,4096,13245,0,66,1.5341721776789372
dense_repetition,6,resident_dense,32,32,256,20261008,,,,,,,,,,,,,,,,3,ddr_reused,613,34673,17088,2048,512,4096,13232,0,66,1.512092983012719,34060,17088,2048,512,4096,13159,0,66,1.5393071051086318
dense_repetition,6,resident_dense,32,32,256,20261008,,,,,,,,,,,,,,,,4,ddr_reused,568,34649,17088,2048,512,4096,13198,0,66,1.513140350370862,34081,17088,2048,512,4096,13180,0,66,1.5383586162377865
dense_repetition,6,resident_dense,32,32,256,20261008,,,,,,,,,,,,,,,,5,ddr_reused,497,34577,17088,2048,512,4096,13100,0,66,1.5162911762154032,34080,17088,2048,512,4096,13179,0,66,1.5384037558685446
dense_repetition,6,resident_dense,32,32,256,20261008,,,,,,,,,,,,,,,,6,ddr_reused,534,34591,17088,2048,512,4096,13132,0,66,1.5156774883640254,34057,17088,2048,512,4096,13156,0,66,1.5394426990046097
dense_repetition,6,resident_dense,32,32,256,20261008,,,,,,,,,,,,,,,,7,ddr_reused,587,34647,17088,2048,512,4096,13182,0,66,1.513227696481658,34060,17088,2048,512,4096,13145,0,66,1.5393071051086318
dense_repetition,6,resident_dense,32,32,256,20261008,,,,,,,,,,,,,,,,8,ddr_reused,500,34583,17088,2048,512,4096,13116,0,66,1.5160281062950003,34083,17088,2048,512,4096,13170,0,66,1.5382683449226888
dense_repetition,6,resident_dense,32,32,256,20261008,,,,,,,,,,,,,,,,9,ddr_reused,506,34650,17088,2048,512,4096,13193,0,66,1.513096681096681,34144,17088,2048,512,4096,13231,0,66,1.5355201499531395
dense_repetition,6,resident_dense,32,32,256,20261008,,,,,,,,,,,,,,,,10,ddr_reused,521,34621,17088,2048,512,4096,13164,0,66,1.5143641142659081,34100,17088,2048,512,4096,13181,0,66,1.5375014662756599
dense_repetition,6,resident_dense,32,32,256,20261008,,,,,,,,,,,,,,,,11,ddr_reused,556,34637,17088,2048,512,4096,13160,0,66,1.5136645783410805,34081,17088,2048,512,4096,13156,0,66,1.5383586162377865
dense_repetition,6,resident_dense,32,32,256,20261008,,,,,,,,,,,,,,,,12,ddr_reused,582,34651,17088,2048,512,4096,13200,0,66,1.5130530143430205,34069,17088,2048,512,4096,13150,0,66,1.5389004666999326
dense_repetition,6,resident_dense,32,32,256,20261008,,,,,,,,,,,,,,,,13,ddr_reused,526,34655,17088,2048,512,4096,13212,0,66,1.5128783725292165,34129,17088,2048,512,4096,13216,0,66,1.5361950247590026
dense_repetition,6,resident_dense,32,32,256,20261008,,,,,,,,,,,,,,,,14,ddr_reused,539,34665,17088,2048,512,4096,13224,0,66,1.5124419443242465,34126,17088,2048,512,4096,13211,0,66,1.536330070913673
dense_repetition,6,resident_dense,32,32,256,20261008,,,,,,,,,,,,,,,,15,ddr_reused,564,34623,17088,2048,512,4096,13182,0,66,1.514276636917656,34059,17088,2048,512,4096,13140,0,66,1.5393523004198597
dense_repetition,6,resident_dense,32,32,256,20261008,,,,,,,,,,,,,,,,16,ddr_reused,532,34669,17088,2048,512,4096,13226,0,66,1.5122674435374541,34137,17088,2048,512,4096,13236,0,66,1.5358350177227056
dense_repetition,6,resident_dense,32,32,256,20261008,,,,,,,,,,,,,,,,17,ddr_reused,570,34626,17088,2048,512,4096,13185,0,66,1.5141454398428926,34056,17088,2048,512,4096,13143,0,66,1.5394879022785999
dense_repetition,6,resident_dense,32,32,256,20261008,,,,,,,,,,,,,,,,18,ddr_reused,528,34619,17088,2048,512,4096,13178,0,66,1.5144516017215979,34091,17088,2048,512,4096,13190,0,66,1.5379073655803586
dense_repetition,6,resident_dense,32,32,256,20261008,,,,,,,,,,,,,,,,19,ddr_reused,628,34655,17088,2048,512,4096,13196,0,66,1.5128783725292165,34027,17088,2048,512,4096,13108,0,66,1.540799952978517
dense_repetition,6,resident_dense,32,32,256,20261008,,,,,,,,,,,,,,,,20,ddr_reused,480,34637,17088,2048,512,4096,13180,0,66,1.5136645783410805,34157,17088,2048,512,4096,13244,0,66,1.5349357379160933
dense_repetition,6,resident_dense,32,32,256,20261008,,,,,,,,,,,,,,,,21,ddr_reused,568,34628,17088,2048,512,4096,13187,0,66,1.5140579877555735,34060,17088,2048,512,4096,13141,0,66,1.5393071051086318
dense_repetition,6,resident_dense,32,32,256,20261008,,,,,,,,,,,,,,,,22,ddr_reused,549,34615,17088,2048,512,4096,13150,0,66,1.5146266069622996,34066,17088,2048,512,4096,13165,0,66,1.539035988962602
dense_repetition,6,resident_dense,32,32,256,20261008,,,,,,,,,,,,,,,,23,ddr_reused,526,34661,17088,2048,512,4096,13212,0,66,1.5126164853870345,34135,17088,2048,512,4096,13188,0,66,1.5359250036619305
dense_repetition,6,resident_dense,32,32,256,20261008,,,,,,,,,,,,,,,,24,ddr_reused,473,34648,17088,2048,512,4096,13189,0,66,1.5131840221657815,34175,17088,2048,512,4096,13186,0,66,1.5341272860277981
dense_repetition,6,resident_dense,32,32,256,20261008,,,,,,,,,,,,,,,,25,ddr_reused,601,34648,17088,2048,512,4096,13199,0,66,1.5131840221657815,34047,17088,2048,512,4096,13146,0,66,1.5398948512350574
dense_repetition,6,resident_dense,32,32,256,20261008,,,,,,,,,,,,,,,,26,ddr_reused,457,34628,17088,2048,512,4096,13187,0,66,1.5140579877555735,34171,17088,2048,512,4096,13214,0,66,1.5343068683971788
dense_repetition,6,resident_dense,32,32,256,20261008,,,,,,,,,,,,,,,,27,ddr_reused,591,34665,17088,2048,512,4096,13208,0,66,1.5124419443242465,34074,17088,2048,512,4096,13149,0,66,1.5386746492927157
dense_repetition,6,resident_dense,32,32,256,20261008,,,,,,,,,,,,,,,,28,ddr_reused,592,34663,17088,2048,512,4096,13206,0,66,1.5125292098202694,34071,17088,2048,512,4096,13170,0,66,1.5388101317836282
dense_repetition,6,resident_dense,32,32,256,20261008,,,,,,,,,,,,,,,,29,ddr_reused,518,34611,17088,2048,512,4096,13154,0,66,1.5148016526537806,34093,17088,2048,512,4096,13174,0,66,1.5378171472149709
