job_id,repetition,m,n,k,input_residency,packing_seconds,upload_seconds,configure_seconds,command_and_wait_seconds,counter_read_seconds,download_seconds,validation_seconds,host_inclusive_seconds,core_seconds,useful_gops,useful_utilization,expected_job_cycles,expected_compute_cycles,compared_elements,passed,job_cycles,compute_cycles,case
1,0,1,1,1,uploaded,8.41e-05,0.0306791,0.0640198,0.0639897,0.0640243,0.0160691,1.63e-05,0.2388661,1.6e-07,0.0125,0.00390625,16,12,1,True,16,12,signed_extreme
2,1,1,1,1,bram_reused,0.0,0.0,0.0,0.0627527,0.0639929,0.0159747,1.74e-05,0.1427203,1.6e-07,0.0125,0.00390625,16,12,1,True,16,12,signed_extreme
3,2,1,1,1,bram_reused,0.0,0.0,0.0,0.0624778,0.0639432,0.016036,1.33e-05,0.142457,1.6e-07,0.0125,0.00390625,16,12,1,True,16,12,signed_extreme
4,3,1,1,1,bram_reused,0.0,0.0,0.0,0.0628515,0.0639808,0.0160074,1.29e-05,0.1428397,1.6e-07,0.0125,0.00390625,16,12,1,True,16,12,signed_extreme
5,4,1,1,1,bram_reused,0.0,0.0,0.0,0.062959,0.0640255,0.0160205,1.34e-05,0.143005,1.6e-07,0.0125,0.00390625,16,12,1,True,16,12,signed_extreme
6,5,1,1,1,bram_reused,0.0,0.0,0.0,0.062892,0.0640265,0.0159632,1.51e-05,0.1428817,1.6e-07,0.0125,0.00390625,16,12,1,True,16,12,signed_extreme
7,6,1,1,1,bram_reused,0.0,0.0,0.0,0.0628453,0.0639464,0.0160546,1.57e-05,0.1428463,1.6e-07,0.0125,0.00390625,16,12,1,True,16,12,signed_extreme
8,7,1,1,1,bram_reused,0.0,0.0,0.0,0.0626687,0.0640793,0.0159616,1.27e-05,0.1427096,1.6e-07,0.0125,0.00390625,16,12,1,True,16,12,signed_extreme
9,8,1,1,1,bram_reused,0.0,0.0,0.0,0.0629174,0.0640225,0.015971,1.34e-05,0.1429109,1.6e-07,0.0125,0.00390625,16,12,1,True,16,12,signed_extreme
10,9,1,1,1,bram_reused,0.0,0.0,0.0,0.0620699,0.0640616,0.0159458,1.27e-05,0.1420773,1.6e-07,0.0125,0.00390625,16,12,1,True,16,12,signed_extreme
11,10,1,1,1,bram_reused,0.0,0.0,0.0,0.0629026,0.0638817,0.0161314,1.29e-05,0.1429157,1.6e-07,0.0125,0.00390625,16,12,1,True,16,12,signed_extreme
12,11,1,1,1,bram_reused,0.0,0.0,0.0,0.0628208,0.0639979,0.015964,1.23e-05,0.1427827,1.6e-07,0.0125,0.00390625,16,12,1,True,16,12,signed_extreme
13,12,1,1,1,bram_reused,0.0,0.0,0.0,0.0628926,0.064159,0.0158377,1.31e-05,0.1428893,1.6e-07,0.0125,0.00390625,16,12,1,True,16,12,signed_extreme
14,13,1,1,1,bram_reused,0.0,0.0,0.0,0.0627524,0.0640243,0.0160032,1.51e-05,0.1427799,1.6e-07,0.0125,0.00390625,16,12,1,True,16,12,signed_extreme
15,14,1,1,1,bram_reused,0.0,0.0,0.0,0.0627943,0.063787,0.0161051,1.28e-05,0.1426864,1.6e-07,0.0125,0.00390625,16,12,1,True,16,12,signed_extreme
16,15,1,1,1,bram_reused,0.0,0.0,0.0,0.0626269,0.0640454,0.0159999,1.22e-05,0.1426722,1.6e-07,0.0125,0.00390625,16,12,1,True,16,12,signed_extreme
17,16,1,1,1,bram_reused,0.0,0.0,0.0,0.0617387,0.063987,0.0160495,1.25e-05,0.1417752,1.6e-07,0.0125,0.00390625,16,12,1,True,16,12,signed_extreme
18,17,1,1,1,bram_reused,0.0,0.0,0.0,0.0628164,0.0640032,0.0159753,1.21e-05,0.1427949,1.6e-07,0.0125,0.00390625,16,12,1,True,16,12,signed_extreme
19,18,1,1,1,bram_reused,0.0,0.0,0.0,0.0628597,0.0640299,0.0159513,1.23e-05,0.1428409,1.6e-07,0.0125,0.00390625,16,12,1,True,16,12,signed_extreme
20,19,1,1,1,bram_reused,0.0,0.0,0.0,0.0629017,0.0638977,0.0163399,2.09e-05,0.1431393,1.6e-07,0.0125,0.00390625,16,12,1,True,16,12,signed_extreme
21,20,1,1,1,bram_reused,0.0,0.0,0.0,0.0617165,0.0640542,0.0159383,1.35e-05,0.141709,1.6e-07,0.0125,0.00390625,16,12,1,True,16,12,signed_extreme
22,21,1,1,1,bram_reused,0.0,0.0,0.0,0.0628064,0.0638957,0.016039,1.26e-05,0.1427411,1.6e-07,0.0125,0.00390625,16,12,1,True,16,12,signed_extreme
23,22,1,1,1,bram_reused,0.0,0.0,0.0,0.0627646,0.0639964,0.0159992,1.31e-05,0.1427602,1.6e-07,0.0125,0.00390625,16,12,1,True,16,12,signed_extreme
24,23,1,1,1,bram_reused,0.0,0.0,0.0,0.0620935,0.0639805,0.0160891,2.01e-05,0.1421631,1.6e-07,0.0125,0.00390625,16,12,1,True,16,12,signed_extreme
25,24,1,1,1,bram_reused,0.0,0.0,0.0,0.0623719,0.0640871,0.0158988,1.19e-05,0.1423578,1.6e-07,0.0125,0.00390625,16,12,1,True,16,12,signed_extreme
26,25,1,1,1,bram_reused,0.0,0.0,0.0,0.0628709,0.0638777,0.0160291,1.3e-05,0.1427777,1.6e-07,0.0125,0.00390625,16,12,1,True,16,12,signed_extreme
27,26,1,1,1,bram_reused,0.0,0.0,0.0,0.0625129,0.0639837,0.0159844,1.2e-05,0.142481,1.6e-07,0.0125,0.00390625,16,12,1,True,16,12,signed_extreme
28,27,1,1,1,bram_reused,0.0,0.0,0.0,0.0624337,0.0640114,0.0159049,1.3e-05,0.14235,1.6e-07,0.0125,0.00390625,16,12,1,True,16,12,signed_extreme
29,28,1,1,1,bram_reused,0.0,0.0,0.0,0.0625195,0.063936,0.0159343,1.28e-05,0.1423898,1.6e-07,0.0125,0.00390625,16,12,1,True,16,12,signed_extreme
30,29,1,1,1,bram_reused,0.0,0.0,0.0,0.0622461,0.0639646,0.016045,1.22e-05,0.1422557,1.6e-07,0.0125,0.00390625,16,12,1,True,16,12,signed_extreme
31,0,3,5,7,uploaded,6.66e-05,0.1247894,0.0641492,0.0638253,0.0640047,0.0481495,4.28e-05,0.3649847,4.4e-07,0.47727272727272724,0.14914772727272727,44,36,15,True,44,36,odd
32,1,3,5,7,bram_reused,0.0,0.0,0.0,0.061465,0.0639715,0.0480184,3.29e-05,0.1734549,4.4e-07,0.47727272727272724,0.14914772727272727,44,36,15,True,44,36,odd
33,2,3,5,7,bram_reused,0.0,0.0,0.0,0.0625739,0.0639528,0.0480652,3.11e-05,0.1745919,4.4e-07,0.47727272727272724,0.14914772727272727,44,36,15,True,44,36,odd
34,3,3,5,7,bram_reused,0.0,0.0,0.0,0.0626838,0.0639197,0.048066,3.38e-05,0.1746695,4.4e-07,0.47727272727272724,0.14914772727272727,44,36,15,True,44,36,odd
35,4,3,5,7,bram_reused,0.0,0.0,0.0,0.0626229,0.0639423,0.0479893,3.11e-05,0.1745545,4.4e-07,0.47727272727272724,0.14914772727272727,44,36,15,True,44,36,odd
36,5,3,5,7,bram_reused,0.0,0.0,0.0,0.0624286,0.0639694,0.0479533,3.17e-05,0.1743513,4.4e-07,0.47727272727272724,0.14914772727272727,44,36,15,True,44,36,odd
37,6,3,5,7,bram_reused,0.0,0.0,0.0,0.0626501,0.0640031,0.0479796,3.13e-05,0.1746328,4.4e-07,0.47727272727272724,0.14914772727272727,44,36,15,True,44,36,odd
38,7,3,5,7,bram_reused,0.0,0.0,0.0,0.0625837,0.0640005,0.0480837,3.17e-05,0.1746679,4.4e-07,0.47727272727272724,0.14914772727272727,44,36,15,True,44,36,odd
39,8,3,5,7,bram_reused,0.0,0.0,0.0,0.0621206,0.0640503,0.0478679,3.45e-05,0.1740388,4.4e-07,0.47727272727272724,0.14914772727272727,44,36,15,True,44,36,odd
40,9,3,5,7,bram_reused,0.0,0.0,0.0,0.0616284,0.0800011,0.0480012,3.49e-05,0.1896307,4.4e-07,0.47727272727272724,0.14914772727272727,44,36,15,True,44,36,odd
41,10,3,5,7,bram_reused,0.0,0.0,0.0,0.0619549,0.0639525,0.0483656,4.31e-05,0.174273,4.4e-07,0.47727272727272724,0.14914772727272727,44,36,15,True,44,36,odd
42,11,3,5,7,bram_reused,0.0,0.0,0.0,0.0613003,0.0640128,0.0480717,3.17e-05,0.1733848,4.4e-07,0.47727272727272724,0.14914772727272727,44,36,15,True,44,36,odd
43,12,3,5,7,bram_reused,0.0,0.0,0.0,0.0623698,0.0640284,0.0481601,4.21e-05,0.1745583,4.4e-07,0.47727272727272724,0.14914772727272727,44,36,15,True,44,36,odd
44,13,3,5,7,bram_reused,0.0,0.0,0.0,0.062394,0.0637993,0.0479676,3.41e-05,0.1741609,4.4e-07,0.47727272727272724,0.14914772727272727,44,36,15,True,44,36,odd
45,14,3,5,7,bram_reused,0.0,0.0,0.0,0.0625629,0.0638948,0.0479862,3.14e-05,0.1744439,4.4e-07,0.47727272727272724,0.14914772727272727,44,36,15,True,44,36,odd
46,15,3,5,7,bram_reused,0.0,0.0,0.0,0.0622255,0.0639791,0.048015,3.39e-05,0.1742196,4.4e-07,0.47727272727272724,0.14914772727272727,44,36,15,True,44,36,odd
47,16,3,5,7,bram_reused,0.0,0.0,0.0,0.0625136,0.0640272,0.0479943,3.2e-05,0.1745351,4.4e-07,0.47727272727272724,0.14914772727272727,44,36,15,True,44,36,odd
48,17,3,5,7,bram_reused,0.0,0.0,0.0,0.0625141,0.0640205,0.0479629,3.23e-05,0.1744975,4.4e-07,0.47727272727272724,0.14914772727272727,44,36,15,True,44,36,odd
49,18,3,5,7,bram_reused,0.0,0.0,0.0,0.0627407,0.0632724,0.0480189,3.32e-05,0.174032,4.4e-07,0.47727272727272724,0.14914772727272727,44,36,15,True,44,36,odd
50,19,3,5,7,bram_reused,0.0,0.0,0.0,0.0623231,0.0640266,0.047991,3.47e-05,0.1743407,4.4e-07,0.47727272727272724,0.14914772727272727,44,36,15,True,44,36,odd
51,20,3,5,7,bram_reused,0.0,0.0,0.0,0.0622048,0.0640187,0.0479178,3.09e-05,0.1741413,4.4e-07,0.47727272727272724,0.14914772727272727,44,36,15,True,44,36,odd
52,21,3,5,7,bram_reused,0.0,0.0,0.0,0.0625498,0.0639218,0.0481228,3.54e-05,0.1745944,4.4e-07,0.47727272727272724,0.14914772727272727,44,36,15,True,44,36,odd
53,22,3,5,7,bram_reused,0.0,0.0,0.0,0.0624609,0.0638572,0.0479284,3.15e-05,0.1742465,4.4e-07,0.47727272727272724,0.14914772727272727,44,36,15,True,44,36,odd
54,23,3,5,7,bram_reused,0.0,0.0,0.0,0.0626733,0.0636991,0.0480073,3.09e-05,0.1743797,4.4e-07,0.47727272727272724,0.14914772727272727,44,36,15,True,44,36,odd
55,24,3,5,7,bram_reused,0.0,0.0,0.0,0.0621711,0.0641656,0.0478794,3.21e-05,0.1742161,4.4e-07,0.47727272727272724,0.14914772727272727,44,36,15,True,44,36,odd
56,25,3,5,7,bram_reused,0.0,0.0,0.0,0.0621939,0.0639652,0.0479715,3.12e-05,0.1741306,4.4e-07,0.47727272727272724,0.14914772727272727,44,36,15,True,44,36,odd
57,26,3,5,7,bram_reused,0.0,0.0,0.0,0.0617623,0.0640925,0.04793,0.0001173,0.1737848,4.4e-07,0.47727272727272724,0.14914772727272727,44,36,15,True,44,36,odd
58,27,3,5,7,bram_reused,0.0,0.0,0.0,0.0613548,0.0640164,0.048106,4.34e-05,0.1734772,4.4e-07,0.47727272727272724,0.14914772727272727,44,36,15,True,44,36,odd
59,28,3,5,7,bram_reused,0.0,0.0,0.0,0.0617441,0.0639712,0.0480941,3.11e-05,0.1738094,4.4e-07,0.47727272727272724,0.14914772727272727,44,36,15,True,44,36,odd
60,29,3,5,7,bram_reused,0.0,0.0,0.0,0.0623044,0.0638599,0.0479975,3.01e-05,0.1741618,4.4e-07,0.47727272727272724,0.14914772727272727,44,36,15,True,44,36,odd
61,0,9,6,33,uploaded,0.0001425,0.2366743,0.0638177,0.0639583,0.0640891,0.1439076,0.0001833,0.5725895,2.88e-06,1.2375,0.38671875,288,264,54,True,288,264,non_square
62,1,9,6,33,bram_reused,0.0,0.0,0.0,0.0621673,0.0640195,0.1439319,0.0001749,0.2701187,2.88e-06,1.2375,0.38671875,288,264,54,True,288,264,non_square
63,2,9,6,33,bram_reused,0.0,0.0,0.0,0.0621191,0.0640435,0.1439619,0.0001833,0.2701245,2.88e-06,1.2375,0.38671875,288,264,54,True,288,264,non_square
64,3,9,6,33,bram_reused,0.0,0.0,0.0,0.0620618,0.0640098,0.143968,0.000176,0.2700396,2.88e-06,1.2375,0.38671875,288,264,54,True,288,264,non_square
65,4,9,6,33,bram_reused,0.0,0.0,0.0,0.0621351,0.0640243,0.1442586,0.000189,0.270418,2.88e-06,1.2375,0.38671875,288,264,54,True,288,264,non_square
66,5,9,6,33,bram_reused,0.0,0.0,0.0,0.0614196,0.064051,0.1439791,0.0001812,0.2694497,2.88e-06,1.2375,0.38671875,288,264,54,True,288,264,non_square
67,6,9,6,33,bram_reused,0.0,0.0,0.0,0.0619842,0.0642412,0.1438171,0.0001872,0.2700425,2.88e-06,1.2375,0.38671875,288,264,54,True,288,264,non_square
68,7,9,6,33,bram_reused,0.0,0.0,0.0,0.0620551,0.0640415,0.1438973,0.0001997,0.2699939,2.88e-06,1.2375,0.38671875,288,264,54,True,288,264,non_square
69,8,9,6,33,bram_reused,0.0,0.0,0.0,0.0615565,0.0640585,0.1440439,0.0001881,0.2696589,2.88e-06,1.2375,0.38671875,288,264,54,True,288,264,non_square
70,9,9,6,33,bram_reused,0.0,0.0,0.0,0.0619796,0.0640417,0.1439525,0.0002,0.2699738,2.88e-06,1.2375,0.38671875,288,264,54,True,288,264,non_square
71,10,9,6,33,bram_reused,0.0,0.0,0.0,0.0616021,0.0640034,0.1439097,0.0001856,0.2695152,2.88e-06,1.2375,0.38671875,288,264,54,True,288,264,non_square
72,11,9,6,33,bram_reused,0.0,0.0,0.0,0.061423,0.0640388,0.1440502,0.0001844,0.269512,2.88e-06,1.2375,0.38671875,288,264,54,True,288,264,non_square
73,12,9,6,33,bram_reused,0.0,0.0,0.0,0.0619351,0.0640914,0.1439549,0.0001851,0.2699814,2.88e-06,1.2375,0.38671875,288,264,54,True,288,264,non_square
74,13,9,6,33,bram_reused,0.0,0.0,0.0,0.0620035,0.0639724,0.1440294,0.0001856,0.2700053,2.88e-06,1.2375,0.38671875,288,264,54,True,288,264,non_square
75,14,9,6,33,bram_reused,0.0,0.0,0.0,0.0617535,0.0639524,0.1439599,0.0001878,0.2696658,2.88e-06,1.2375,0.38671875,288,264,54,True,288,264,non_square
76,15,9,6,33,bram_reused,0.0,0.0,0.0,0.0621927,0.0638902,0.143953,0.0001862,0.2700359,2.88e-06,1.2375,0.38671875,288,264,54,True,288,264,non_square
77,16,9,6,33,bram_reused,0.0,0.0,0.0,0.0619553,0.0640501,0.1439655,0.0001899,0.2699709,2.88e-06,1.2375,0.38671875,288,264,54,True,288,264,non_square
78,17,9,6,33,bram_reused,0.0,0.0,0.0,0.0619429,0.0640512,0.1439149,0.0001909,0.269909,2.88e-06,1.2375,0.38671875,288,264,54,True,288,264,non_square
79,18,9,6,33,bram_reused,0.0,0.0,0.0,0.0624297,0.0635701,0.1440547,0.0003184,0.2700545,2.88e-06,1.2375,0.38671875,288,264,54,True,288,264,non_square
80,19,9,6,33,bram_reused,0.0,0.0,0.0,0.0612915,0.0639057,0.1441059,0.0001835,0.2693031,2.88e-06,1.2375,0.38671875,288,264,54,True,288,264,non_square
81,20,9,6,33,bram_reused,0.0,0.0,0.0,0.0617693,0.0639477,0.1441933,0.0001932,0.2699103,2.88e-06,1.2375,0.38671875,288,264,54,True,288,264,non_square
82,21,9,6,33,bram_reused,0.0,0.0,0.0,0.0613243,0.0639704,0.1440236,0.0001848,0.2693183,2.88e-06,1.2375,0.38671875,288,264,54,True,288,264,non_square
83,22,9,6,33,bram_reused,0.0,0.0,0.0,0.06099,0.0640967,0.1438332,0.0001894,0.2689199,2.88e-06,1.2375,0.38671875,288,264,54,True,288,264,non_square
84,23,9,6,33,bram_reused,0.0,0.0,0.0,0.0619338,0.0639325,0.1438247,0.0001983,0.269691,2.88e-06,1.2375,0.38671875,288,264,54,True,288,264,non_square
85,24,9,6,33,bram_reused,0.0,0.0,0.0,0.0618173,0.0639392,0.1439768,0.0001874,0.2697333,2.88e-06,1.2375,0.38671875,288,264,54,True,288,264,non_square
86,25,9,6,33,bram_reused,0.0,0.0,0.0,0.0617198,0.0641149,0.1439087,0.0001792,0.2697434,2.88e-06,1.2375,0.38671875,288,264,54,True,288,264,non_square
87,26,9,6,33,bram_reused,0.0,0.0,0.0,0.0620277,0.0639405,0.1439416,0.0001858,0.2699098,2.88e-06,1.2375,0.38671875,288,264,54,True,288,264,non_square
88,27,9,6,33,bram_reused,0.0,0.0,0.0,0.0619668,0.0639733,0.1439842,0.0001897,0.2699243,2.88e-06,1.2375,0.38671875,288,264,54,True,288,264,non_square
89,28,9,6,33,bram_reused,0.0,0.0,0.0,0.0618968,0.0641788,0.1438258,0.0001776,0.2699014,2.88e-06,1.2375,0.38671875,288,264,54,True,288,264,non_square
90,29,9,6,33,bram_reused,0.0,0.0,0.0,0.0618773,0.0640642,0.1440034,0.000295,0.2699449,2.88e-06,1.2375,0.38671875,288,264,54,True,288,264,non_square
91,0,31,29,255,uploaded,0.0026436,2.8989098,0.0640231,0.0639859,0.0639261,0.4962896,0.0206953,3.5897781,0.0001728,2.653298611111111,0.8291558159722222,17280,17024,899,True,17280,17024,edge_255
92,1,31,29,255,bram_reused,0.0,0.0,0.0,0.0568894,0.0641529,0.4959638,0.0197927,0.6170061,0.0001728,2.653298611111111,0.8291558159722222,17280,17024,899,True,17280,17024,edge_255
93,2,31,29,255,bram_reused,0.0,0.0,0.0,0.0576824,0.0639435,0.4960321,0.020144,0.617658,0.0001728,2.653298611111111,0.8291558159722222,17280,17024,899,True,17280,17024,edge_255
94,3,31,29,255,bram_reused,0.0,0.0,0.0,0.0576158,0.0640312,0.4961465,0.0224668,0.6177935,0.0001728,2.653298611111111,0.8291558159722222,17280,17024,899,True,17280,17024,edge_255
95,4,31,29,255,bram_reused,0.0,0.0,0.0,0.0550356,0.0640372,0.4960653,0.0189771,0.6151381,0.0001728,2.653298611111111,0.8291558159722222,17280,17024,899,True,17280,17024,edge_255
96,5,31,29,255,bram_reused,0.0,0.0,0.0,0.0586994,0.0639269,0.4961248,0.0197815,0.6187511,0.0001728,2.653298611111111,0.8291558159722222,17280,17024,899,True,17280,17024,edge_255
97,6,31,29,255,bram_reused,0.0,0.0,0.0,0.0578941,0.0642341,0.4958247,0.0208389,0.6179529,0.0001728,2.653298611111111,0.8291558159722222,17280,17024,899,True,17280,17024,edge_255
98,7,31,29,255,bram_reused,0.0,0.0,0.0,0.0568525,0.0640604,0.4959349,0.0212776,0.6168478,0.0001728,2.653298611111111,0.8291558159722222,17280,17024,899,True,17280,17024,edge_255
99,8,31,29,255,bram_reused,0.0,0.0,0.0,0.0563127,0.0639383,0.4961669,0.0204883,0.6164179,0.0001728,2.653298611111111,0.8291558159722222,17280,17024,899,True,17280,17024,edge_255
100,9,31,29,255,bram_reused,0.0,0.0,0.0,0.0567351,0.064,0.4961296,0.0218313,0.6168647,0.0001728,2.653298611111111,0.8291558159722222,17280,17024,899,True,17280,17024,edge_255
101,10,31,29,255,bram_reused,0.0,0.0,0.0,0.0556838,0.0640528,0.4959834,0.0232083,0.61572,0.0001728,2.653298611111111,0.8291558159722222,17280,17024,899,True,17280,17024,edge_255
102,11,31,29,255,bram_reused,0.0,0.0,0.0,0.0546985,0.0640414,0.5119976,0.0190411,0.6307375,0.0001728,2.653298611111111,0.8291558159722222,17280,17024,899,True,17280,17024,edge_255
103,12,31,29,255,bram_reused,0.0,0.0,0.0,0.0579615,0.0640043,0.4960124,0.021478,0.6179782,0.0001728,2.653298611111111,0.8291558159722222,17280,17024,899,True,17280,17024,edge_255
104,13,31,29,255,bram_reused,0.0,0.0,0.0,0.0559947,0.0640757,0.4957962,0.0209591,0.6158666,0.0001728,2.653298611111111,0.8291558159722222,17280,17024,899,True,17280,17024,edge_255
105,14,31,29,255,bram_reused,0.0,0.0,0.0,0.0562288,0.0640079,0.4963479,0.0201167,0.6165846,0.0001728,2.653298611111111,0.8291558159722222,17280,17024,899,True,17280,17024,edge_255
106,15,31,29,255,bram_reused,0.0,0.0,0.0,0.0572532,0.0640432,0.4960519,0.0203177,0.6173483,0.0001728,2.653298611111111,0.8291558159722222,17280,17024,899,True,17280,17024,edge_255
107,16,31,29,255,bram_reused,0.0,0.0,0.0,0.0573837,0.0640749,0.4958576,0.0188074,0.6173162,0.0001728,2.653298611111111,0.8291558159722222,17280,17024,899,True,17280,17024,edge_255
108,17,31,29,255,bram_reused,0.0,0.0,0.0,0.0578186,0.0640403,0.4960125,0.0191181,0.6178714,0.0001728,2.653298611111111,0.8291558159722222,17280,17024,899,True,17280,17024,edge_255
109,18,31,29,255,bram_reused,0.0,0.0,0.0,0.0583942,0.0636756,0.4959979,0.0208989,0.6180677,0.0001728,2.653298611111111,0.8291558159722222,17280,17024,899,True,17280,17024,edge_255
110,19,31,29,255,bram_reused,0.0,0.0,0.0,0.055956,0.0639528,0.4960382,0.0200636,0.615947,0.0001728,2.653298611111111,0.8291558159722222,17280,17024,899,True,17280,17024,edge_255
111,20,31,29,255,bram_reused,0.0,0.0,0.0,0.0576839,0.0639649,0.4960259,0.0202383,0.6176747,0.0001728,2.653298611111111,0.8291558159722222,17280,17024,899,True,17280,17024,edge_255
112,21,31,29,255,bram_reused,0.0,0.0,0.0,0.0575847,0.0640181,0.4960471,0.0192108,0.6176499,0.0001728,2.653298611111111,0.8291558159722222,17280,17024,899,True,17280,17024,edge_255
113,22,31,29,255,bram_reused,0.0,0.0,0.0,0.057344,0.0638881,0.4960609,0.0206445,0.617293,0.0001728,2.653298611111111,0.8291558159722222,17280,17024,899,True,17280,17024,edge_255
114,23,31,29,255,bram_reused,0.0,0.0,0.0,0.0576543,0.0617205,0.4960448,0.0196985,0.6154196,0.0001728,2.653298611111111,0.8291558159722222,17280,17024,899,True,17280,17024,edge_255
115,24,31,29,255,bram_reused,0.0,0.0,0.0,0.0581066,0.0640209,0.4959293,0.0195703,0.6180568,0.0001728,2.653298611111111,0.8291558159722222,17280,17024,899,True,17280,17024,edge_255
116,25,31,29,255,bram_reused,0.0,0.0,0.0,0.0580219,0.0639314,0.4959768,0.0194444,0.6179301,0.0001728,2.653298611111111,0.8291558159722222,17280,17024,899,True,17280,17024,edge_255
117,26,31,29,255,bram_reused,0.0,0.0,0.0,0.0578313,0.0640424,0.4960627,0.0191282,0.6179364,0.0001728,2.653298611111111,0.8291558159722222,17280,17024,899,True,17280,17024,edge_255
118,27,31,29,255,bram_reused,0.0,0.0,0.0,0.0572564,0.0640109,0.4959827,0.0193236,0.61725,0.0001728,2.653298611111111,0.8291558159722222,17280,17024,899,True,17280,17024,edge_255
119,28,31,29,255,bram_reused,0.0,0.0,0.0,0.0581569,0.0634776,0.4960519,0.0204631,0.6176864,0.0001728,2.653298611111111,0.8291558159722222,17280,17024,899,True,17280,17024,edge_255
120,29,31,29,255,bram_reused,0.0,0.0,0.0,0.0568465,0.0639746,0.4961632,0.0196134,0.6169843,0.0001728,2.653298611111111,0.8291558159722222,17280,17024,899,True,17280,17024,edge_255
121,0,32,32,256,uploaded,0.0031586,3.069628,0.0642321,0.0637676,0.0640843,0.5119209,0.0218509,3.7767915,0.00017344,3.0228782287822877,0.9446494464944649,17344,17088,1024,True,17344,17088,maximum_random
122,1,32,32,256,bram_reused,0.0,0.0,0.0,0.05568,0.0639061,0.5120564,0.0223938,0.6316425,0.00017344,3.0228782287822877,0.9446494464944649,17344,17088,1024,True,17344,17088,maximum_random
123,2,32,32,256,bram_reused,0.0,0.0,0.0,0.0554289,0.0637556,0.5120541,0.0220665,0.6312386,0.00017344,3.0228782287822877,0.9446494464944649,17344,17088,1024,True,17344,17088,maximum_random
124,3,32,32,256,bram_reused,0.0,0.0,0.0,0.0552854,0.0637528,0.512016,0.0219233,0.6310542,0.00017344,3.0228782287822877,0.9446494464944649,17344,17088,1024,True,17344,17088,maximum_random
125,4,32,32,256,bram_reused,0.0,0.0,0.0,0.0555163,0.0639383,0.5120742,0.0230119,0.6315288,0.00017344,3.0228782287822877,0.9446494464944649,17344,17088,1024,True,17344,17088,maximum_random
126,5,32,32,256,bram_reused,0.0,0.0,0.0,0.0544937,0.0639333,0.5120333,0.021768,0.6304603,0.00017344,3.0228782287822877,0.9446494464944649,17344,17088,1024,True,17344,17088,maximum_random
127,6,32,32,256,bram_reused,0.0,0.0,0.0,0.0553153,0.0639703,0.5120004,0.0218211,0.631286,0.00017344,3.0228782287822877,0.9446494464944649,17344,17088,1024,True,17344,17088,maximum_random
128,7,32,32,256,bram_reused,0.0,0.0,0.0,0.0552797,0.0639994,0.5122561,0.0222319,0.6315352,0.00017344,3.0228782287822877,0.9446494464944649,17344,17088,1024,True,17344,17088,maximum_random
129,8,32,32,256,bram_reused,0.0,0.0,0.0,0.0551875,0.0639434,0.5120973,0.0226704,0.6312282,0.00017344,3.0228782287822877,0.9446494464944649,17344,17088,1024,True,17344,17088,maximum_random
130,9,32,32,256,bram_reused,0.0,0.0,0.0,0.0548106,0.0642062,0.5118335,0.0240391,0.6308503,0.00017344,3.0228782287822877,0.9446494464944649,17344,17088,1024,True,17344,17088,maximum_random
131,10,32,32,256,bram_reused,0.0,0.0,0.0,0.0530233,0.0637447,0.5282047,0.0226529,0.6449727,0.00017344,3.0228782287822877,0.9446494464944649,17344,17088,1024,True,17344,17088,maximum_random
132,11,32,32,256,bram_reused,0.0,0.0,0.0,0.0539962,0.0640448,0.5119522,0.0230729,0.6299932,0.00017344,3.0228782287822877,0.9446494464944649,17344,17088,1024,True,17344,17088,maximum_random
133,12,32,32,256,bram_reused,0.0,0.0,0.0,0.0545973,0.0642657,0.5117026,0.0222436,0.6305656,0.00017344,3.0228782287822877,0.9446494464944649,17344,17088,1024,True,17344,17088,maximum_random
134,13,32,32,256,bram_reused,0.0,0.0,0.0,0.054559,0.0640629,0.512082,0.0216027,0.6307039,0.00017344,3.0228782287822877,0.9446494464944649,17344,17088,1024,True,17344,17088,maximum_random
135,14,32,32,256,bram_reused,0.0,0.0,0.0,0.0543156,0.0639279,0.5119773,0.0229973,0.6302208,0.00017344,3.0228782287822877,0.9446494464944649,17344,17088,1024,True,17344,17088,maximum_random
136,15,32,32,256,bram_reused,0.0,0.0,0.0,0.0540568,0.0639682,0.512056,0.0228297,0.630081,0.00017344,3.0228782287822877,0.9446494464944649,17344,17088,1024,True,17344,17088,maximum_random
137,16,32,32,256,bram_reused,0.0,0.0,0.0,0.0544838,0.0641588,0.5118844,0.0233643,0.630527,0.00017344,3.0228782287822877,0.9446494464944649,17344,17088,1024,True,17344,17088,maximum_random
138,17,32,32,256,bram_reused,0.0,0.0,0.0,0.0537848,0.0640618,0.5119505,0.0215968,0.6297971,0.00017344,3.0228782287822877,0.9446494464944649,17344,17088,1024,True,17344,17088,maximum_random
139,18,32,32,256,bram_reused,0.0,0.0,0.0,0.0559816,0.0639913,0.5119169,0.0238471,0.6318898,0.00017344,3.0228782287822877,0.9446494464944649,17344,17088,1024,True,17344,17088,maximum_random
140,19,32,32,256,bram_reused,0.0,0.0,0.0,0.0528277,0.0640601,0.5120508,0.0220255,0.6289386,0.00017344,3.0228782287822877,0.9446494464944649,17344,17088,1024,True,17344,17088,maximum_random
141,20,32,32,256,bram_reused,0.0,0.0,0.0,0.0553046,0.0639282,0.5119421,0.0232325,0.6311749,0.00017344,3.0228782287822877,0.9446494464944649,17344,17088,1024,True,17344,17088,maximum_random
142,21,32,32,256,bram_reused,0.0,0.0,0.0,0.0536641,0.0640953,0.5279917,0.0224985,0.6457511,0.00017344,3.0228782287822877,0.9446494464944649,17344,17088,1024,True,17344,17088,maximum_random
143,22,32,32,256,bram_reused,0.0,0.0,0.0,0.0545863,0.0639838,0.5120442,0.0230428,0.6306143,0.00017344,3.0228782287822877,0.9446494464944649,17344,17088,1024,True,17344,17088,maximum_random
144,23,32,32,256,bram_reused,0.0,0.0,0.0,0.0543525,0.0640325,0.5119993,0.0217999,0.6303843,0.00017344,3.0228782287822877,0.9446494464944649,17344,17088,1024,True,17344,17088,maximum_random
145,24,32,32,256,bram_reused,0.0,0.0,0.0,0.0545809,0.063992,0.5119383,0.0210823,0.6305112,0.00017344,3.0228782287822877,0.9446494464944649,17344,17088,1024,True,17344,17088,maximum_random
146,25,32,32,256,bram_reused,0.0,0.0,0.0,0.0559959,0.0640334,0.5120347,0.022436,0.632064,0.00017344,3.0228782287822877,0.9446494464944649,17344,17088,1024,True,17344,17088,maximum_random
147,26,32,32,256,bram_reused,0.0,0.0,0.0,0.0549752,0.0640905,0.5119061,0.0232473,0.6309718,0.00017344,3.0228782287822877,0.9446494464944649,17344,17088,1024,True,17344,17088,maximum_random
148,27,32,32,256,bram_reused,0.0,0.0,0.0,0.0535973,0.0640319,0.5123649,0.0224852,0.6299941,0.00017344,3.0228782287822877,0.9446494464944649,17344,17088,1024,True,17344,17088,maximum_random
149,28,32,32,256,bram_reused,0.0,0.0,0.0,0.0536506,0.0640337,0.5120481,0.0225643,0.6297324,0.00017344,3.0228782287822877,0.9446494464944649,17344,17088,1024,True,17344,17088,maximum_random
150,29,32,32,256,bram_reused,0.0,0.0,0.0,0.0548074,0.0640612,0.5119273,0.0235047,0.6307959,0.00017344,3.0228782287822877,0.9446494464944649,17344,17088,1024,True,17344,17088,maximum_random
151,0,32,32,256,uploaded,0.0026699,3.0716854,0.0640326,0.0639888,0.0639724,0.5120499,0.0185571,3.778399,0.00017344,3.0228782287822877,0.9446494464944649,17344,17088,1024,True,17344,17088,maximum_extreme
152,1,32,32,256,bram_reused,0.0,0.0,0.0,0.0582428,0.0639328,0.5120308,0.0189585,0.6342064,0.00017344,3.0228782287822877,0.9446494464944649,17344,17088,1024,True,17344,17088,maximum_extreme
153,2,32,32,256,bram_reused,0.0,0.0,0.0,0.0579323,0.0641933,0.512237,0.0192538,0.6343626,0.00017344,3.0228782287822877,0.9446494464944649,17344,17088,1024,True,17344,17088,maximum_extreme
154,3,32,32,256,bram_reused,0.0,0.0,0.0,0.0576917,0.0639158,0.5120637,0.0183995,0.6336712,0.00017344,3.0228782287822877,0.9446494464944649,17344,17088,1024,True,17344,17088,maximum_extreme
155,4,32,32,256,bram_reused,0.0,0.0,0.0,0.0578822,0.0641252,0.5119055,0.0198443,0.6339129,0.00017344,3.0228782287822877,0.9446494464944649,17344,17088,1024,True,17344,17088,maximum_extreme
156,5,32,32,256,bram_reused,0.0,0.0,0.0,0.0566078,0.0640578,0.5121826,0.0201918,0.6328482,0.00017344,3.0228782287822877,0.9446494464944649,17344,17088,1024,True,17344,17088,maximum_extreme
157,6,32,32,256,bram_reused,0.0,0.0,0.0,0.0565544,0.0640598,0.512058,0.0182418,0.6326722,0.00017344,3.0228782287822877,0.9446494464944649,17344,17088,1024,True,17344,17088,maximum_extreme
158,7,32,32,256,bram_reused,0.0,0.0,0.0,0.0583872,0.0641452,0.5119006,0.0182458,0.634433,0.00017344,3.0228782287822877,0.9446494464944649,17344,17088,1024,True,17344,17088,maximum_extreme
159,8,32,32,256,bram_reused,0.0,0.0,0.0,0.0581018,0.0640183,0.5279655,0.0189092,0.6500856,0.00017344,3.0228782287822877,0.9446494464944649,17344,17088,1024,True,17344,17088,maximum_extreme
160,9,32,32,256,bram_reused,0.0,0.0,0.0,0.0582986,0.0640084,0.5119859,0.0201372,0.6342929,0.00017344,3.0228782287822877,0.9446494464944649,17344,17088,1024,True,17344,17088,maximum_extreme
161,10,32,32,256,bram_reused,0.0,0.0,0.0,0.0569751,0.0641432,0.5118706,0.0189092,0.6329889,0.00017344,3.0228782287822877,0.9446494464944649,17344,17088,1024,True,17344,17088,maximum_extreme
162,11,32,32,256,bram_reused,0.0,0.0,0.0,0.0577763,0.0641139,0.5118842,0.0181877,0.6337744,0.00017344,3.0228782287822877,0.9446494464944649,17344,17088,1024,True,17344,17088,maximum_extreme
163,12,32,32,256,bram_reused,0.0,0.0,0.0,0.0589289,0.0640117,0.5125273,0.0192822,0.6354679,0.00017344,3.0228782287822877,0.9446494464944649,17344,17088,1024,True,17344,17088,maximum_extreme
164,13,32,32,256,bram_reused,0.0,0.0,0.0,0.0570821,0.0640378,0.5119573,0.0198631,0.6330772,0.00017344,3.0228782287822877,0.9446494464944649,17344,17088,1024,True,17344,17088,maximum_extreme
165,14,32,32,256,bram_reused,0.0,0.0,0.0,0.0567144,0.0640638,0.5120434,0.0193288,0.6328216,0.00017344,3.0228782287822877,0.9446494464944649,17344,17088,1024,True,17344,17088,maximum_extreme
166,15,32,32,256,bram_reused,0.0,0.0,0.0,0.0563179,0.0638623,0.5120378,0.0193804,0.632218,0.00017344,3.0228782287822877,0.9446494464944649,17344,17088,1024,True,17344,17088,maximum_extreme
167,16,32,32,256,bram_reused,0.0,0.0,0.0,0.0578505,0.0639033,0.5122296,0.0188222,0.6339834,0.00017344,3.0228782287822877,0.9446494464944649,17344,17088,1024,True,17344,17088,maximum_extreme
168,17,32,32,256,bram_reused,0.0,0.0,0.0,0.0577152,0.0639697,0.512003,0.0187142,0.6336879,0.00017344,3.0228782287822877,0.9446494464944649,17344,17088,1024,True,17344,17088,maximum_extreme
169,18,32,32,256,bram_reused,0.0,0.0,0.0,0.0576714,0.0641048,0.5119181,0.0186486,0.6336943,0.00017344,3.0228782287822877,0.9446494464944649,17344,17088,1024,True,17344,17088,maximum_extreme
170,19,32,32,256,bram_reused,0.0,0.0,0.0,0.0589419,0.0633127,0.5280676,0.0191637,0.6503222,0.00017344,3.0228782287822877,0.9446494464944649,17344,17088,1024,True,17344,17088,maximum_extreme
171,20,32,32,256,bram_reused,0.0,0.0,0.0,0.057771,0.0641862,0.5118243,0.0195695,0.6337815,0.00017344,3.0228782287822877,0.9446494464944649,17344,17088,1024,True,17344,17088,maximum_extreme
172,21,32,32,256,bram_reused,0.0,0.0,0.0,0.0574564,0.0640032,0.5120517,0.0185944,0.6335113,0.00017344,3.0228782287822877,0.9446494464944649,17344,17088,1024,True,17344,17088,maximum_extreme
173,22,32,32,256,bram_reused,0.0,0.0,0.0,0.0583042,0.0637362,0.5120864,0.0184769,0.6341268,0.00017344,3.0228782287822877,0.9446494464944649,17344,17088,1024,True,17344,17088,maximum_extreme
174,23,32,32,256,bram_reused,0.0,0.0,0.0,0.0584132,0.0641135,0.5121275,0.0200193,0.6346542,0.00017344,3.0228782287822877,0.9446494464944649,17344,17088,1024,True,17344,17088,maximum_extreme
175,24,32,32,256,bram_reused,0.0,0.0,0.0,0.0568464,0.0640901,0.5119677,0.0191169,0.6329042,0.00017344,3.0228782287822877,0.9446494464944649,17344,17088,1024,True,17344,17088,maximum_extreme
176,25,32,32,256,bram_reused,0.0,0.0,0.0,0.0560564,0.0640328,0.5120011,0.0188,0.6320903,0.00017344,3.0228782287822877,0.9446494464944649,17344,17088,1024,True,17344,17088,maximum_extreme
177,26,32,32,256,bram_reused,0.0,0.0,0.0,0.058484,0.0637031,0.5125954,0.0185374,0.6347825,0.00017344,3.0228782287822877,0.9446494464944649,17344,17088,1024,True,17344,17088,maximum_extreme
178,27,32,32,256,bram_reused,0.0,0.0,0.0,0.0579907,0.0639054,0.5120082,0.019451,0.6339043,0.00017344,3.0228782287822877,0.9446494464944649,17344,17088,1024,True,17344,17088,maximum_extreme
179,28,32,32,256,bram_reused,0.0,0.0,0.0,0.0574584,0.06423,0.5117773,0.0190758,0.6334657,0.00017344,3.0228782287822877,0.9446494464944649,17344,17088,1024,True,17344,17088,maximum_extreme
180,29,32,32,256,bram_reused,0.0,0.0,0.0,0.0571571,0.064052,0.5121168,0.0192853,0.6333259,0.00017344,3.0228782287822877,0.9446494464944649,17344,17088,1024,True,17344,17088,maximum_extreme
